-- MySQL dump 10.16  Distrib 10.1.30-MariaDB, for Linux (x86_64)
--
-- Host: localhost    Database: cps_test
-- ------------------------------------------------------
-- Server version	10.1.30-MariaDB

/*!40101 SET @OLD_CHARACTER_SET_CLIENT=@@CHARACTER_SET_CLIENT */;
/*!40101 SET @OLD_CHARACTER_SET_RESULTS=@@CHARACTER_SET_RESULTS */;
/*!40101 SET @OLD_COLLATION_CONNECTION=@@COLLATION_CONNECTION */;
/*!40101 SET NAMES utf8 */;
/*!40103 SET @OLD_TIME_ZONE=@@TIME_ZONE */;
/*!40103 SET TIME_ZONE='+00:00' */;
/*!40014 SET @OLD_UNIQUE_CHECKS=@@UNIQUE_CHECKS, UNIQUE_CHECKS=0 */;
/*!40014 SET @OLD_FOREIGN_KEY_CHECKS=@@FOREIGN_KEY_CHECKS, FOREIGN_KEY_CHECKS=0 */;
/*!40101 SET @OLD_SQL_MODE=@@SQL_MODE, SQL_MODE='NO_AUTO_VALUE_ON_ZERO' */;
/*!40111 SET @OLD_SQL_NOTES=@@SQL_NOTES, SQL_NOTES=0 */;

--
-- Table structure for table `car_transportation`
--

DROP TABLE IF EXISTS `car_transportation`;
/*!40101 SET @saved_cs_client     = @@character_set_client */;
/*!40101 SET character_set_client = utf8 */;
CREATE TABLE `car_transportation` (
  `customer_id` int(10) NOT NULL,
  `car_id` varchar(16) COLLATE utf8mb4_unicode_ci NOT NULL,
  `auth_type` int(10) NOT NULL,
  `auth_id` int(10) NOT NULL,
  `lot_id` int(10) NOT NULL,
  `inserted_at` timestamp NOT NULL DEFAULT CURRENT_TIMESTAMP,
  `removed_at` timestamp NULL DEFAULT NULL,
  PRIMARY KEY (`customer_id`,`car_id`,`inserted_at`)
) ENGINE=MEMORY DEFAULT CHARSET=utf8mb4 COLLATE=utf8mb4_unicode_ci;
/*!40101 SET character_set_client = @saved_cs_client */;

--
-- Dumping data for table `car_transportation`
--

LOCK TABLES `car_transportation` WRITE;
/*!40000 ALTER TABLE `car_transportation` DISABLE KEYS */;
INSERT INTO `car_transportation` VALUES (10,'CAR-0010',1,7,1,'2017-11-07 21:05:30','2018-02-07 04:35:32'),(9,'CAR-0009',2,3,1,'2017-11-07 22:05:30','2018-02-07 04:35:33'),(1,'CAR-0001',2,1,1,'2017-11-07 22:15:30','2018-02-07 04:35:32'),(3,'CAR-0003',2,2,3,'2017-11-08 04:25:30','2018-02-07 04:35:33'),(10,'CAR-0010',2,4,3,'2017-11-08 06:25:30','2018-02-07 04:35:33'),(9,'CAR-0009',1,9,1,'2017-11-08 17:05:30','2018-02-07 04:35:33'),(9,'CAR-0009',1,10,2,'2017-11-08 20:35:30','2018-02-07 04:35:34'),(3,'CAR-0003',2,5,2,'2017-11-08 22:15:30','2018-02-07 04:35:34'),(9,'CAR-0009',2,6,3,'2017-11-09 06:15:30','2018-02-07 04:35:34'),(5,'CAR-0005',1,3,2,'2017-11-09 12:15:30','2018-02-07 04:35:35'),(7,'CAR-0007',1,5,1,'2017-11-09 15:55:30','2018-02-07 04:35:34'),(1,'CAR-0001',1,8,1,'2017-11-09 18:35:30','2018-02-07 04:35:34'),(3,'CAR-0003',2,7,1,'2017-11-09 22:35:30','2018-02-07 04:35:36'),(2,'CAR-0002',1,1,1,'2017-11-10 01:05:30','2018-02-07 04:35:35'),(8,'CAR-0008',1,6,2,'2017-11-10 05:05:30','2018-02-07 04:35:35'),(2,'CAR-0002',2,8,2,'2017-11-10 12:55:30','2018-02-07 04:35:35'),(8,'CAR-0008',2,9,1,'2017-11-10 19:25:30','2018-02-07 04:35:36'),(2,'CAR-0002',1,16,1,'2017-11-10 19:35:30','2018-02-07 04:35:36'),(3,'CAR-0003',2,10,2,'2017-11-10 19:55:30','2018-02-07 04:35:36'),(2,'CAR-0002',1,18,1,'2017-11-11 02:55:30','2018-02-07 04:35:36'),(8,'CAR-0008',1,19,1,'2017-11-11 04:25:30','2018-02-07 04:35:36'),(2,'CAR-0002',1,20,1,'2017-11-11 05:55:30','2018-02-07 04:35:37'),(4,'CAR-0004',1,2,3,'2017-11-11 10:05:30','2018-02-07 04:35:37'),(6,'CAR-0006',1,4,2,'2017-11-11 10:55:30','2018-02-07 04:35:37'),(2,'CAR-0002',1,22,1,'2017-11-11 13:15:30','2018-02-07 04:35:37'),(10,'CAR-0010',1,11,2,'2017-11-11 21:15:30','2018-02-07 04:35:38'),(2,'CAR-0002',1,23,1,'2017-11-11 22:55:30','2018-02-07 04:35:38'),(6,'CAR-0006',1,24,3,'2017-11-12 00:25:30','2018-02-07 04:35:37'),(4,'CAR-0004',2,11,1,'2017-11-12 01:15:30','2018-02-07 04:35:38'),(3,'CAR-0003',1,17,2,'2017-11-12 03:45:30','2018-02-07 04:35:38'),(6,'CAR-0006',2,12,3,'2017-11-12 11:15:30','2018-02-07 04:35:38'),(2,'CAR-0002',1,27,2,'2017-11-12 19:55:30','2018-02-07 04:35:38'),(3,'CAR-0003',1,25,2,'2017-11-13 02:05:30','2018-02-07 04:35:39'),(6,'CAR-0006',2,13,2,'2017-11-13 02:15:30','2018-02-07 04:35:39'),(1,'CAR-0001',1,13,2,'2017-11-13 09:35:30','2018-02-07 04:35:39'),(5,'CAR-0005',1,14,1,'2017-11-13 10:25:30','2018-02-07 04:35:39'),(7,'CAR-0007',1,15,3,'2017-11-13 10:35:30','2018-02-07 04:35:39'),(6,'CAR-0006',2,14,1,'2017-11-13 13:15:30','2018-02-07 04:35:39'),(5,'CAR-0005',1,32,1,'2017-11-13 17:55:30','2018-02-07 04:35:39'),(6,'CAR-0006',1,33,3,'2017-11-13 20:25:30','2018-02-07 04:35:40'),(1,'CAR-0001',1,34,2,'2017-11-13 21:15:30','2018-02-07 04:35:39'),(5,'CAR-0005',1,35,1,'2017-11-13 22:35:30','2018-02-07 04:35:40'),(1,'CAR-0001',1,36,2,'2017-11-13 23:55:30','2018-02-07 04:35:40'),(7,'CAR-0007',1,31,3,'2017-11-14 05:15:30','2018-02-07 04:35:40'),(5,'CAR-0005',2,15,2,'2017-11-14 07:25:30','2018-02-07 04:35:40'),(10,'CAR-0010',1,29,1,'2017-11-14 12:55:30','2018-02-07 04:35:40'),(7,'CAR-0007',2,16,1,'2017-11-14 15:55:30','2018-02-07 04:35:40'),(4,'CAR-0004',1,26,1,'2017-11-14 18:55:30','2018-02-07 04:35:41'),(5,'CAR-0005',1,39,2,'2017-11-14 20:45:30','2018-02-07 04:35:40'),(10,'CAR-0010',1,41,2,'2017-11-14 23:15:30','2018-02-07 04:35:41'),(5,'CAR-0005',2,17,1,'2017-11-15 00:55:30','2018-02-07 04:35:41'),(7,'CAR-0007',1,40,2,'2017-11-15 01:55:30','2018-02-07 04:35:41'),(7,'CAR-0007',2,18,2,'2017-11-15 03:35:30','2018-02-07 04:35:41'),(8,'CAR-0008',1,21,3,'2017-11-15 05:35:30','2018-02-07 04:35:41'),(4,'CAR-0004',1,42,2,'2017-11-15 06:05:30','2018-02-07 04:35:41'),(8,'CAR-0008',1,43,1,'2017-11-15 07:05:30','2018-02-07 04:35:41'),(10,'CAR-0010',1,44,2,'2017-11-15 07:45:30','2018-02-07 04:35:41'),(9,'CAR-0009',1,45,1,'2017-11-15 10:05:30','2018-02-07 04:35:42'),(3,'CAR-0003',1,30,3,'2017-11-15 10:45:30','2018-02-07 04:35:41'),(4,'CAR-0004',1,47,1,'2017-11-15 12:05:30','2018-02-07 04:35:41'),(6,'CAR-0006',1,37,3,'2017-11-15 13:45:30','2018-02-07 04:35:41'),(1,'CAR-0001',1,48,2,'2017-11-15 15:35:30','2018-02-07 04:35:42'),(5,'CAR-0005',2,19,3,'2017-11-15 15:55:30','2018-02-07 04:35:42'),(7,'CAR-0007',1,51,2,'2017-11-15 18:45:30','2018-02-07 04:35:42'),(5,'CAR-0005',2,20,1,'2017-11-15 19:15:30','2018-02-07 04:35:42'),(6,'CAR-0006',2,21,1,'2017-11-15 23:55:30','2018-02-07 04:35:42'),(6,'CAR-0006',1,55,2,'2017-11-16 04:25:30','2018-02-07 04:35:42'),(6,'CAR-0006',1,60,3,'2017-11-16 16:25:30','2018-02-07 04:35:43'),(8,'CAR-0008',1,61,3,'2017-11-16 22:55:30','2018-02-07 04:35:43'),(6,'CAR-0006',1,62,1,'2017-11-16 23:45:30','2018-02-07 04:35:43'),(1,'CAR-0001',1,52,1,'2017-11-17 15:35:30','2018-02-07 04:35:43'),(6,'CAR-0006',1,65,3,'2017-11-17 20:25:30','2018-02-07 04:35:44'),(4,'CAR-0004',1,66,2,'2017-11-17 21:15:30','2018-02-07 04:35:44'),(1,'CAR-0001',1,67,2,'2017-11-18 00:45:30','2018-02-07 04:35:44'),(4,'CAR-0004',1,68,1,'2017-11-18 04:35:30','2018-02-07 04:35:44'),(6,'CAR-0006',1,69,2,'2017-11-18 07:25:30','2018-02-07 04:35:44'),(3,'CAR-0003',1,49,2,'2017-11-18 13:35:30','2018-02-07 04:35:44'),(1,'CAR-0001',1,71,1,'2017-11-18 14:35:30','2018-02-07 04:35:44'),(1,'CAR-0001',1,74,1,'2017-11-18 20:55:30','2018-02-07 04:35:45'),(9,'CAR-0009',1,53,2,'2017-11-18 21:35:30','2018-02-07 04:35:46'),(1,'CAR-0001',1,75,2,'2017-11-19 02:05:30','2018-02-07 04:35:45'),(10,'CAR-0010',1,59,2,'2017-11-19 03:55:30','2018-02-07 04:35:46'),(4,'CAR-0004',1,76,3,'2017-11-19 07:25:30','2018-02-07 04:35:45'),(4,'CAR-0004',1,77,2,'2017-11-19 11:25:30','2018-02-07 04:35:45'),(1,'CAR-0001',1,78,1,'2017-11-19 19:35:30','2018-02-07 04:35:45'),(2,'CAR-0002',1,57,3,'2017-11-19 23:05:30','2018-02-07 04:35:46'),(9,'CAR-0009',1,80,3,'2017-11-19 23:05:30','2018-02-07 04:35:46'),(1,'CAR-0001',1,81,3,'2017-11-20 00:15:30','2018-02-07 04:35:46'),(2,'CAR-0002',1,84,3,'2017-11-20 08:05:30','2018-02-07 04:35:46'),(1,'CAR-0001',1,85,1,'2017-11-20 08:55:30','2018-02-07 04:35:46'),(7,'CAR-0007',1,70,2,'2017-11-20 17:55:30','2018-02-07 04:35:47'),(9,'CAR-0009',1,88,3,'2017-11-20 18:05:30','2018-02-07 04:35:47'),(9,'CAR-0009',1,92,3,'2017-11-21 13:25:30','2018-02-07 04:35:47'),(5,'CAR-0005',1,93,1,'2017-11-21 17:35:30','2018-02-07 04:35:47'),(9,'CAR-0009',1,97,3,'2017-11-22 00:45:30','2018-02-07 04:35:48'),(9,'CAR-0009',1,98,2,'2017-11-22 15:55:30','2018-02-07 04:35:48'),(2,'CAR-0002',1,100,1,'2017-11-22 19:45:30','2018-02-07 04:35:48'),(8,'CAR-0008',1,87,2,'2017-11-23 01:55:30','2018-02-07 04:35:48'),(2,'CAR-0002',1,102,2,'2017-11-23 04:05:30','2018-02-07 04:35:48'),(10,'CAR-0010',1,82,2,'2017-11-23 06:15:30','2018-02-07 04:35:48'),(2,'CAR-0002',1,103,1,'2017-11-23 07:35:30','2018-02-07 04:35:49'),(2,'CAR-0002',1,104,1,'2017-11-23 15:15:30','2018-02-07 04:35:49'),(4,'CAR-0004',1,96,1,'2017-11-23 16:35:30','2018-02-07 04:35:49'),(3,'CAR-0003',1,83,1,'2017-11-23 17:15:30','2018-02-07 04:35:49'),(2,'CAR-0002',1,105,1,'2017-11-23 17:55:30','2018-02-07 04:35:49'),(8,'CAR-0008',1,106,3,'2017-11-23 21:55:30','2018-02-07 04:35:49'),(10,'CAR-0010',1,107,2,'2017-11-23 22:25:30','2018-02-07 04:35:49'),(9,'CAR-0009',1,99,3,'2017-11-24 02:15:30','2018-02-07 04:35:49'),(9,'CAR-0009',1,109,3,'2017-11-24 03:05:30','2018-02-07 04:35:50'),(3,'CAR-0003',1,110,3,'2017-11-24 06:05:30','2018-02-07 04:35:50'),(6,'CAR-0006',1,112,1,'2017-11-24 12:05:30','2018-02-07 04:35:50'),(8,'CAR-0008',1,113,1,'2017-11-24 16:15:30','2018-02-07 04:35:50'),(3,'CAR-0003',1,115,1,'2017-11-24 17:45:30','2018-02-07 04:35:50'),(8,'CAR-0008',1,117,1,'2017-11-24 19:45:30','2018-02-07 04:35:50'),(6,'CAR-0006',1,118,1,'2017-11-24 23:55:30','2018-02-07 04:35:50'),(8,'CAR-0008',1,119,2,'2017-11-25 02:55:30','2018-02-07 04:35:50'),(5,'CAR-0005',1,120,3,'2017-11-25 04:15:30','2018-02-07 04:35:50'),(5,'CAR-0005',1,123,3,'2017-11-25 09:45:30','2018-02-07 04:35:51'),(6,'CAR-0006',1,124,3,'2017-11-25 14:35:30','2018-02-07 04:35:51'),(3,'CAR-0003',1,121,2,'2017-11-25 15:35:30','2018-02-07 04:35:51'),(5,'CAR-0005',1,125,2,'2017-11-25 20:25:30','2018-02-07 04:35:51'),(6,'CAR-0006',1,126,1,'2017-11-25 22:05:30','2018-02-07 04:35:51'),(6,'CAR-0006',1,128,3,'2017-11-26 00:55:30','2018-02-07 04:35:51'),(7,'CAR-0007',1,131,1,'2017-11-26 11:35:30','2018-02-07 04:35:51'),(3,'CAR-0003',1,127,3,'2017-11-26 20:25:30','2018-02-07 04:35:52'),(8,'CAR-0008',1,135,3,'2017-11-27 17:05:30','2018-02-07 04:35:52'),(8,'CAR-0008',1,136,1,'2017-11-27 18:35:30','2018-02-07 04:35:52'),(2,'CAR-0002',1,108,1,'2017-11-27 22:45:30','2018-02-07 04:35:53'),(2,'CAR-0002',1,138,2,'2017-11-28 02:15:30','2018-02-07 04:35:53'),(3,'CAR-0003',1,133,2,'2017-11-28 04:25:30','2018-02-07 04:35:53'),(4,'CAR-0004',1,114,2,'2017-11-28 09:05:30','2018-02-07 04:35:53'),(1,'CAR-0001',1,142,2,'2017-11-28 20:25:30','2018-02-07 04:35:54'),(9,'CAR-0009',1,116,1,'2017-11-28 21:55:30','2018-02-07 04:35:53'),(7,'CAR-0007',1,132,2,'2017-11-29 02:05:30','2018-02-07 04:35:54'),(10,'CAR-0010',1,134,2,'2017-11-29 10:35:30','2018-02-07 04:35:54'),(6,'CAR-0006',1,129,2,'2017-11-29 15:45:30','2018-02-07 04:35:54'),(8,'CAR-0008',1,149,2,'2017-11-29 19:25:30','2018-02-07 04:35:55'),(6,'CAR-0006',1,150,1,'2017-11-30 01:45:30','2018-02-07 04:35:55'),(10,'CAR-0010',1,147,1,'2017-11-30 21:05:30','2018-02-07 04:35:55'),(10,'CAR-0010',2,22,3,'2017-12-01 01:25:30','2018-02-07 04:35:55'),(10,'CAR-0010',1,154,1,'2017-12-01 16:15:30','2018-02-07 04:35:56'),(2,'CAR-0002',1,153,1,'2017-12-01 19:15:30','2018-02-07 04:35:56'),(5,'CAR-0005',1,141,1,'2017-12-02 01:45:30','2018-02-07 04:35:56'),(3,'CAR-0003',1,157,1,'2017-12-02 05:15:30','2018-02-07 04:35:56'),(3,'CAR-0003',1,158,3,'2017-12-02 07:55:30','2018-02-07 04:35:56'),(5,'CAR-0005',1,159,2,'2017-12-02 09:05:30','2018-02-07 04:35:57'),(8,'CAR-0008',1,151,3,'2017-12-02 09:45:30','2018-02-07 04:35:56'),(10,'CAR-0010',2,23,2,'2017-12-02 13:05:30','2018-02-07 04:35:56'),(10,'CAR-0010',1,160,1,'2017-12-02 17:55:30','2018-02-07 04:35:57'),(4,'CAR-0004',1,148,2,'2017-12-03 09:15:30','2018-02-07 04:35:57'),(7,'CAR-0007',1,166,1,'2017-12-03 22:15:30','2018-02-07 04:35:57'),(2,'CAR-0002',1,156,1,'2017-12-04 04:35:30','2018-02-07 04:35:58'),(10,'CAR-0010',1,162,1,'2017-12-04 08:15:30','2018-02-07 04:35:58'),(2,'CAR-0002',2,25,1,'2017-12-04 16:15:30','2018-02-07 04:35:58'),(9,'CAR-0009',2,24,3,'2017-12-04 23:15:30','2018-02-07 04:35:58'),(1,'CAR-0001',1,155,1,'2017-12-05 04:45:30','2018-02-07 04:35:58'),(2,'CAR-0002',1,169,1,'2017-12-05 05:35:30','2018-02-07 04:35:58'),(9,'CAR-0009',1,171,3,'2017-12-05 09:45:30','2018-02-07 04:35:59'),(9,'CAR-0009',2,26,2,'2017-12-05 15:35:30','2018-02-07 04:35:59'),(7,'CAR-0007',1,174,3,'2017-12-05 16:55:30','2018-02-07 04:35:59'),(1,'CAR-0001',1,170,3,'2017-12-06 01:15:30','2018-02-07 04:35:59'),(7,'CAR-0007',1,176,3,'2017-12-06 04:05:30','2018-02-07 04:35:59'),(7,'CAR-0007',1,177,3,'2017-12-06 07:15:30','2018-02-07 04:35:59'),(10,'CAR-0010',1,168,1,'2017-12-06 09:15:30','2018-02-07 04:36:00'),(1,'CAR-0001',2,27,3,'2017-12-06 14:05:30','2018-02-07 04:36:00'),(8,'CAR-0008',1,161,2,'2017-12-06 14:15:30','2018-02-07 04:36:00'),(8,'CAR-0008',2,28,2,'2017-12-07 00:05:30','2018-02-07 04:36:00'),(5,'CAR-0005',1,164,2,'2017-12-07 03:25:30','2018-02-07 04:36:00'),(7,'CAR-0007',1,179,3,'2017-12-07 07:25:30','2018-02-07 04:36:00'),(8,'CAR-0008',1,183,3,'2017-12-07 09:15:30','2018-02-07 04:36:00'),(7,'CAR-0007',1,184,2,'2017-12-07 14:05:30','2018-02-07 04:36:01'),(9,'CAR-0009',1,187,3,'2017-12-07 15:55:30','2018-02-07 04:36:01'),(6,'CAR-0006',1,189,2,'2017-12-08 01:45:30','2018-02-07 04:36:02'),(4,'CAR-0004',1,178,3,'2017-12-08 06:55:30','2018-02-07 04:36:03'),(6,'CAR-0006',1,191,3,'2017-12-08 12:25:30','2018-02-07 04:36:03'),(3,'CAR-0003',1,192,3,'2017-12-08 14:55:30','2018-02-07 04:36:03'),(4,'CAR-0004',1,193,1,'2017-12-08 17:05:30','2018-02-07 04:36:04'),(6,'CAR-0006',1,194,2,'2017-12-08 21:55:30','2018-02-07 04:36:04'),(4,'CAR-0004',1,195,2,'2017-12-09 02:25:30','2018-02-07 04:36:04'),(8,'CAR-0008',1,186,2,'2017-12-09 06:35:30','2018-02-07 04:36:04'),(1,'CAR-0001',1,180,3,'2017-12-09 07:35:30','2018-02-07 04:36:07'),(10,'CAR-0010',1,182,2,'2017-12-09 13:35:30','2018-02-07 04:36:05'),(9,'CAR-0009',1,190,1,'2017-12-09 22:25:30','2018-02-07 04:36:06'),(3,'CAR-0003',2,29,1,'2017-12-09 22:35:30','2018-02-07 04:36:06'),(3,'CAR-0003',1,201,2,'2017-12-10 08:45:30','2018-02-07 04:36:06'),(3,'CAR-0003',1,202,2,'2017-12-10 11:15:30','2018-02-07 04:36:08'),(2,'CAR-0002',2,30,2,'2017-12-10 12:05:30','2018-02-07 04:36:07'),(2,'CAR-0002',1,204,2,'2017-12-10 18:35:30','2018-02-07 04:36:08'),(3,'CAR-0003',2,31,1,'2017-12-11 00:05:30','2018-02-07 04:36:08'),(1,'CAR-0001',1,203,3,'2017-12-11 02:45:30','2018-02-07 04:36:08'),(1,'CAR-0001',1,205,2,'2017-12-11 05:05:30','2018-02-07 04:36:09'),(2,'CAR-0002',1,206,3,'2017-12-11 09:15:30','2018-02-07 04:36:09'),(5,'CAR-0005',1,185,3,'2017-12-11 09:25:30','2018-02-07 04:36:09'),(2,'CAR-0002',1,207,3,'2017-12-11 12:45:30','2018-02-07 04:36:10'),(1,'CAR-0001',1,209,1,'2017-12-11 17:15:30','2018-02-07 04:36:10'),(7,'CAR-0007',1,188,2,'2017-12-11 17:15:30','2018-02-07 04:36:10'),(10,'CAR-0010',1,212,3,'2017-12-11 22:35:30','2018-02-07 04:36:11'),(4,'CAR-0004',1,198,1,'2017-12-12 01:05:30','2018-02-07 04:36:12'),(7,'CAR-0007',1,213,1,'2017-12-12 10:35:30','2018-02-07 04:36:11'),(10,'CAR-0010',1,215,2,'2017-12-12 12:35:30','2018-02-07 04:36:12'),(7,'CAR-0007',2,32,3,'2017-12-12 16:05:30','2018-02-07 04:36:12'),(10,'CAR-0010',1,216,2,'2017-12-12 18:25:30','2018-02-07 04:36:13'),(9,'CAR-0009',1,218,1,'2017-12-13 01:05:30','2018-02-07 04:36:13'),(4,'CAR-0004',2,33,2,'2017-12-13 03:25:30','2018-02-07 04:36:13'),(10,'CAR-0010',1,219,1,'2017-12-13 03:55:30','2018-02-07 04:36:14'),(7,'CAR-0007',1,220,1,'2017-12-13 10:35:30','2018-02-07 04:36:13'),(7,'CAR-0007',1,222,3,'2017-12-13 12:35:30','2018-02-07 04:36:14'),(9,'CAR-0009',1,224,3,'2017-12-13 13:25:30','2018-02-07 04:36:14'),(10,'CAR-0010',1,226,1,'2017-12-13 19:05:30','2018-02-07 04:36:15'),(9,'CAR-0009',1,227,1,'2017-12-13 22:05:30','2018-02-07 04:36:16'),(1,'CAR-0001',1,211,3,'2017-12-14 00:45:30','2018-02-07 04:36:15'),(3,'CAR-0003',1,223,1,'2017-12-14 04:45:30','2018-02-07 04:36:15'),(3,'CAR-0003',1,232,1,'2017-12-14 06:45:30','2018-02-07 04:36:16'),(7,'CAR-0007',1,228,1,'2017-12-14 08:35:30','2018-02-07 04:36:16'),(5,'CAR-0005',1,210,1,'2017-12-14 08:45:30','2018-02-07 04:36:16'),(10,'CAR-0010',1,229,2,'2017-12-14 14:35:30','2018-02-07 04:36:17'),(7,'CAR-0007',2,34,2,'2017-12-14 18:55:30','2018-02-07 04:36:17'),(3,'CAR-0003',1,235,1,'2017-12-14 19:35:30','2018-02-07 04:36:18'),(7,'CAR-0007',1,236,3,'2017-12-14 22:55:30','2018-02-07 04:36:17'),(4,'CAR-0004',1,221,1,'2017-12-15 01:55:30','2018-02-07 04:36:17'),(10,'CAR-0010',1,240,3,'2017-12-15 07:45:30','2018-02-07 04:36:18'),(6,'CAR-0006',1,230,2,'2017-12-15 16:05:30','2018-02-07 04:36:19'),(1,'CAR-0001',1,231,3,'2017-12-15 18:15:30','2018-02-07 04:36:19'),(3,'CAR-0003',1,239,3,'2017-12-16 01:45:30','2018-02-07 04:36:20'),(1,'CAR-0001',2,35,1,'2017-12-16 07:35:30','2018-02-07 04:36:20'),(3,'CAR-0003',1,244,1,'2017-12-16 11:35:30','2018-02-07 04:36:21'),(1,'CAR-0001',1,245,1,'2017-12-16 12:15:30','2018-02-07 04:36:21'),(3,'CAR-0003',1,246,3,'2017-12-16 16:55:30','2018-02-07 04:36:21'),(2,'CAR-0002',1,241,1,'2017-12-16 18:35:30','2018-02-07 04:36:21'),(8,'CAR-0008',1,225,3,'2017-12-16 19:25:30','2018-02-07 04:36:21'),(1,'CAR-0001',1,249,2,'2017-12-16 23:35:30','2018-02-07 04:36:22'),(3,'CAR-0003',1,250,3,'2017-12-17 04:25:30','2018-02-07 04:36:23'),(9,'CAR-0009',1,233,3,'2017-12-17 05:45:30','2018-02-07 04:36:25'),(1,'CAR-0001',1,251,1,'2017-12-17 08:45:30','2018-02-07 04:36:23'),(3,'CAR-0003',1,252,1,'2017-12-17 13:25:30','2018-02-07 04:36:23'),(7,'CAR-0007',1,237,1,'2017-12-18 08:55:30','2018-02-07 04:36:25'),(9,'CAR-0009',1,255,2,'2017-12-18 11:35:30','2018-02-07 04:36:25'),(5,'CAR-0005',1,234,3,'2017-12-18 12:05:30','2018-02-07 04:36:25'),(2,'CAR-0002',1,256,3,'2017-12-18 12:25:30','2018-02-07 04:36:26'),(4,'CAR-0004',1,238,1,'2017-12-18 20:05:30','2018-02-07 04:36:26'),(5,'CAR-0005',2,36,1,'2017-12-18 20:05:30','2018-02-07 04:36:26'),(10,'CAR-0010',1,258,2,'2017-12-18 20:35:30','2018-02-07 04:36:26'),(2,'CAR-0002',1,259,3,'2017-12-18 23:05:30','2018-02-07 04:36:27'),(8,'CAR-0008',1,248,2,'2017-12-18 23:45:30','2018-02-07 04:36:26'),(10,'CAR-0010',1,264,2,'2017-12-19 04:25:30','2018-02-07 04:36:27'),(5,'CAR-0005',1,265,1,'2017-12-19 08:15:30','2018-02-07 04:36:27'),(5,'CAR-0005',1,266,3,'2017-12-19 10:35:30','2018-02-07 04:36:28'),(3,'CAR-0003',1,254,3,'2017-12-19 11:45:30','2018-02-07 04:36:28'),(6,'CAR-0006',1,243,3,'2017-12-19 14:15:30','2018-02-07 04:36:31'),(10,'CAR-0010',1,267,2,'2017-12-19 14:45:30','2018-02-07 04:36:29'),(2,'CAR-0002',1,268,2,'2017-12-19 15:05:30','2018-02-07 04:36:28'),(5,'CAR-0005',1,270,1,'2017-12-19 21:05:30','2018-02-07 04:36:29'),(8,'CAR-0008',1,263,3,'2017-12-19 22:55:30','2018-02-07 04:36:29'),(2,'CAR-0002',1,271,1,'2017-12-20 00:25:30','2018-02-07 04:36:29'),(8,'CAR-0008',1,275,3,'2017-12-20 17:25:30','2018-02-07 04:36:30'),(8,'CAR-0008',1,276,2,'2017-12-21 02:25:30','2018-02-07 04:36:31'),(4,'CAR-0004',1,262,1,'2017-12-21 04:05:30','2018-02-07 04:36:32'),(1,'CAR-0001',1,253,1,'2017-12-21 05:35:30','2018-02-07 04:36:32'),(6,'CAR-0006',1,278,1,'2017-12-21 07:25:30','2018-02-07 04:36:31'),(6,'CAR-0006',2,37,3,'2017-12-21 15:25:30','2018-02-07 04:36:33'),(9,'CAR-0009',1,261,2,'2017-12-21 16:25:30','2018-02-07 04:36:34'),(4,'CAR-0004',1,280,2,'2017-12-21 17:45:30','2018-02-07 04:36:32'),(2,'CAR-0002',1,274,2,'2017-12-21 23:25:30','2018-02-07 04:36:33'),(10,'CAR-0010',1,277,3,'2017-12-22 06:25:30','2018-02-07 04:36:33'),(2,'CAR-0002',1,283,1,'2017-12-22 07:25:30','2018-02-07 04:36:33'),(6,'CAR-0006',1,285,3,'2017-12-22 17:05:30','2018-02-07 04:36:34'),(9,'CAR-0009',1,288,3,'2017-12-22 21:35:30','2018-02-07 04:36:34'),(5,'CAR-0005',1,272,1,'2017-12-23 01:15:30','2018-02-07 04:36:34'),(10,'CAR-0010',1,287,1,'2017-12-23 08:25:30','2018-02-07 04:36:35'),(9,'CAR-0009',1,289,3,'2017-12-23 10:35:30','2018-02-07 04:36:35'),(5,'CAR-0005',1,290,2,'2017-12-23 10:45:30','2018-02-07 04:36:35'),(6,'CAR-0006',1,286,1,'2017-12-23 11:45:30','2018-02-07 04:36:35'),(5,'CAR-0005',1,291,1,'2017-12-23 15:15:30','2018-02-07 04:36:35'),(3,'CAR-0003',1,269,2,'2017-12-23 15:25:30','2018-02-07 04:36:35'),(9,'CAR-0009',1,293,3,'2017-12-24 00:15:30','2018-02-07 04:36:35'),(5,'CAR-0005',1,295,1,'2017-12-24 04:05:30','2018-02-07 04:36:36'),(7,'CAR-0007',1,297,3,'2017-12-24 12:25:30','2018-02-07 04:36:36'),(9,'CAR-0009',1,298,2,'2017-12-24 12:35:30','2018-02-07 04:36:36'),(5,'CAR-0005',1,299,2,'2017-12-24 13:05:30','2018-02-07 04:36:36'),(5,'CAR-0005',1,300,3,'2017-12-24 17:25:30','2018-02-07 04:36:36'),(7,'CAR-0007',1,301,3,'2017-12-24 19:15:30','2018-02-07 04:36:37'),(8,'CAR-0008',1,302,2,'2017-12-24 23:55:30','2018-02-07 04:36:37'),(5,'CAR-0005',1,303,1,'2017-12-25 00:25:30','2018-02-07 04:36:37'),(7,'CAR-0007',1,304,3,'2017-12-25 00:45:30','2018-02-07 04:36:37'),(7,'CAR-0007',2,38,3,'2017-12-25 04:35:30','2018-02-07 04:36:37'),(9,'CAR-0009',1,306,1,'2017-12-25 06:45:30','2018-02-07 04:36:37'),(6,'CAR-0006',1,296,1,'2017-12-25 08:35:30','2018-02-07 04:36:37'),(8,'CAR-0008',1,307,2,'2017-12-25 12:05:30','2018-02-07 04:36:37'),(3,'CAR-0003',1,309,3,'2017-12-25 14:25:30','2018-02-07 04:36:37'),(1,'CAR-0001',1,281,2,'2017-12-25 17:15:30','2018-02-07 04:36:38'),(3,'CAR-0003',1,312,3,'2017-12-25 18:15:30','2018-02-07 04:36:38'),(4,'CAR-0004',1,282,3,'2017-12-25 22:55:30','2018-02-07 04:36:39'),(5,'CAR-0005',1,305,1,'2017-12-26 00:35:30','2018-02-07 04:36:38'),(1,'CAR-0001',1,314,3,'2017-12-26 04:05:30','2018-02-07 04:36:38'),(2,'CAR-0002',1,284,3,'2017-12-26 04:45:30','2018-02-07 04:36:39'),(5,'CAR-0005',1,317,3,'2017-12-26 13:15:30','2018-02-07 04:36:38'),(5,'CAR-0005',1,318,2,'2017-12-26 18:25:30','2018-02-07 04:36:39'),(8,'CAR-0008',1,313,2,'2017-12-26 18:55:30','2018-02-07 04:36:39'),(8,'CAR-0008',1,321,3,'2017-12-27 08:35:30','2018-02-07 04:36:40'),(9,'CAR-0009',1,308,3,'2017-12-27 09:05:30','2018-02-07 04:36:39'),(3,'CAR-0003',1,315,1,'2017-12-27 10:55:30','2018-02-07 04:36:39'),(9,'CAR-0009',1,325,1,'2017-12-27 20:55:30','2018-02-07 04:36:40'),(8,'CAR-0008',1,326,1,'2017-12-28 02:05:30','2018-02-07 04:36:40'),(7,'CAR-0007',1,310,3,'2017-12-28 02:15:30','2018-02-07 04:36:40'),(2,'CAR-0002',1,322,3,'2017-12-28 03:25:30','2018-02-07 04:36:40'),(7,'CAR-0007',1,328,3,'2017-12-28 06:35:30','2018-02-07 04:36:40'),(8,'CAR-0008',1,329,3,'2017-12-28 07:55:30','2018-02-07 04:36:40'),(9,'CAR-0009',1,330,1,'2017-12-28 08:55:30','2018-02-07 04:36:40'),(5,'CAR-0005',1,319,2,'2017-12-28 13:05:30','2018-02-07 04:36:41'),(6,'CAR-0006',1,311,3,'2017-12-29 02:45:30','2018-02-07 04:36:41'),(6,'CAR-0006',1,335,2,'2017-12-29 04:05:30','2018-02-07 04:36:41'),(8,'CAR-0008',1,331,3,'2017-12-29 16:55:30','2018-02-07 04:36:42'),(1,'CAR-0001',1,340,3,'2017-12-30 13:45:30','2018-02-07 04:36:43'),(10,'CAR-0010',2,39,3,'2017-12-30 16:35:30','2018-02-07 04:36:42'),(4,'CAR-0004',1,327,2,'2017-12-31 00:15:30','2018-02-07 04:36:44'),(8,'CAR-0008',1,339,2,'2017-12-31 05:05:30','2018-02-07 04:36:43'),(1,'CAR-0001',1,341,1,'2017-12-31 07:05:30','2018-02-07 04:36:43'),(1,'CAR-0001',1,342,3,'2017-12-31 11:35:30','2018-02-07 04:36:44'),(10,'CAR-0010',1,344,1,'2017-12-31 11:55:30','2018-02-07 04:36:44'),(2,'CAR-0002',1,334,3,'2017-12-31 15:45:30','2018-02-07 04:36:44'),(2,'CAR-0002',1,345,3,'2017-12-31 16:35:30','2018-02-07 04:36:44'),(9,'CAR-0009',1,332,1,'2017-12-31 18:25:30','2018-02-07 04:36:44'),(6,'CAR-0006',1,337,3,'2017-12-31 20:35:30','2018-02-07 04:36:44'),(1,'CAR-0001',1,347,2,'2017-12-31 21:15:30','2018-02-07 04:36:44'),(6,'CAR-0006',1,348,1,'2017-12-31 23:25:30','2018-02-07 04:36:44'),(9,'CAR-0009',1,350,2,'2018-01-01 05:45:30','2018-02-07 04:36:44'),(1,'CAR-0001',1,351,2,'2018-01-01 08:45:30','2018-02-07 04:36:45'),(5,'CAR-0005',1,336,2,'2018-01-01 10:15:30','2018-02-07 04:36:44'),(10,'CAR-0010',1,352,2,'2018-01-01 10:25:30','2018-02-07 04:36:44'),(6,'CAR-0006',1,353,1,'2018-01-01 10:55:30','2018-02-07 04:36:45'),(5,'CAR-0005',1,358,3,'2018-01-01 18:15:30','2018-02-07 04:36:45'),(1,'CAR-0001',1,359,2,'2018-01-01 21:55:30','2018-02-07 04:36:45'),(6,'CAR-0006',1,360,1,'2018-01-01 22:25:30','2018-02-07 04:36:45'),(5,'CAR-0005',1,361,1,'2018-01-02 05:25:30','2018-02-07 04:36:45'),(1,'CAR-0001',1,363,2,'2018-01-02 10:45:30','2018-02-07 04:36:45'),(5,'CAR-0005',1,364,2,'2018-01-02 13:15:30','2018-02-07 04:36:46'),(7,'CAR-0007',1,338,2,'2018-01-02 14:45:30','2018-02-07 04:36:46'),(8,'CAR-0008',1,343,1,'2018-01-02 20:45:30','2018-02-07 04:36:46'),(7,'CAR-0007',1,365,3,'2018-01-04 16:55:30','2018-02-07 04:36:47'),(7,'CAR-0007',1,369,2,'2018-01-05 00:55:30','2018-02-07 04:36:48'),(9,'CAR-0009',1,354,3,'2018-01-05 00:55:30','2018-02-07 04:36:48'),(10,'CAR-0010',1,370,2,'2018-01-05 01:55:30','2018-02-07 04:36:48'),(4,'CAR-0004',1,371,1,'2018-01-05 03:05:30','2018-02-07 04:36:47'),(1,'CAR-0001',1,373,3,'2018-01-05 05:05:30','2018-02-07 04:36:48'),(2,'CAR-0002',1,355,2,'2018-01-05 06:45:30','2018-02-07 04:36:47'),(7,'CAR-0007',1,375,2,'2018-01-05 09:25:30','2018-02-07 04:36:48'),(2,'CAR-0002',1,376,2,'2018-01-05 10:45:30','2018-02-07 04:36:48'),(2,'CAR-0002',1,377,3,'2018-01-05 12:25:30','2018-02-07 04:36:48'),(1,'CAR-0001',1,380,1,'2018-01-05 16:25:30','2018-02-07 04:36:48'),(3,'CAR-0003',2,40,3,'2018-01-05 21:15:30','2018-02-07 04:36:48'),(8,'CAR-0008',1,367,1,'2018-01-06 02:25:30','2018-02-07 04:36:48'),(3,'CAR-0003',1,382,1,'2018-01-06 07:05:30','2018-02-07 04:36:49'),(7,'CAR-0007',1,379,2,'2018-01-06 10:05:30','2018-02-07 04:36:49'),(6,'CAR-0006',1,362,3,'2018-01-06 10:45:30','2018-02-07 04:36:49'),(1,'CAR-0001',1,385,2,'2018-01-06 11:45:30','2018-02-07 04:36:49'),(5,'CAR-0005',1,372,2,'2018-01-06 14:35:30','2018-02-07 04:36:49'),(2,'CAR-0002',1,381,1,'2018-01-08 10:25:30','2018-02-07 04:36:50'),(9,'CAR-0009',1,384,1,'2018-01-08 20:55:30','2018-02-07 04:36:51'),(8,'CAR-0008',2,42,2,'2018-01-08 23:15:30','2018-02-07 04:36:51'),(10,'CAR-0010',1,391,1,'2018-01-09 01:45:30','2018-02-07 04:36:51'),(2,'CAR-0002',2,41,2,'2018-01-09 02:15:30','2018-02-07 04:36:51'),(3,'CAR-0003',1,392,1,'2018-01-09 04:35:30','2018-02-07 04:36:51'),(10,'CAR-0010',1,393,1,'2018-01-09 04:45:30','2018-02-07 04:36:51'),(4,'CAR-0004',1,374,1,'2018-01-09 08:45:30','2018-02-07 04:36:51'),(10,'CAR-0010',1,395,1,'2018-01-09 09:05:30','2018-02-07 04:36:51'),(4,'CAR-0004',1,396,3,'2018-01-09 10:05:30','2018-02-07 04:36:51'),(6,'CAR-0006',1,398,1,'2018-01-09 15:35:30','2018-02-07 04:36:51'),(1,'CAR-0001',1,389,2,'2018-01-09 18:55:30','2018-02-07 04:36:51'),(8,'CAR-0008',2,43,3,'2018-01-10 00:05:30','2018-02-07 04:36:52'),(4,'CAR-0004',2,45,3,'2018-01-10 01:05:30','2018-02-07 04:36:52'),(6,'CAR-0006',1,402,2,'2018-01-10 01:05:30','2018-02-07 04:36:52'),(2,'CAR-0002',2,44,2,'2018-01-10 02:45:30','2018-02-07 04:36:52'),(6,'CAR-0006',1,403,3,'2018-01-10 05:05:30','2018-02-07 04:36:52'),(7,'CAR-0007',1,388,3,'2018-01-10 05:05:30','2018-02-07 04:36:52'),(6,'CAR-0006',1,404,1,'2018-01-10 05:55:30','2018-02-07 04:36:52'),(2,'CAR-0002',1,405,1,'2018-01-10 06:05:30','2018-02-07 04:36:52'),(4,'CAR-0004',1,407,1,'2018-01-10 11:45:30','2018-02-07 04:36:52'),(8,'CAR-0008',1,408,2,'2018-01-10 14:55:30','2018-02-07 04:36:52'),(2,'CAR-0002',1,411,2,'2018-01-10 22:05:30','2018-02-07 04:36:52'),(5,'CAR-0005',1,401,3,'2018-01-11 20:45:30','2018-02-07 04:36:54'),(1,'CAR-0001',1,400,1,'2018-01-12 15:05:30','2018-02-07 04:36:54'),(10,'CAR-0010',1,397,2,'2018-01-12 16:55:30','2018-02-07 04:36:54'),(10,'CAR-0010',1,417,2,'2018-01-12 18:05:30','2018-02-07 04:36:54'),(9,'CAR-0009',1,394,2,'2018-01-12 19:25:30','2018-02-07 04:36:54'),(9,'CAR-0009',2,46,1,'2018-01-13 00:05:30','2018-02-07 04:36:54'),(9,'CAR-0009',1,420,3,'2018-01-13 08:45:30','2018-02-07 04:36:55'),(3,'CAR-0003',1,421,2,'2018-01-13 09:35:30','2018-02-07 04:36:55'),(8,'CAR-0008',1,416,1,'2018-01-13 17:15:30','2018-02-07 04:36:55'),(1,'CAR-0001',2,47,2,'2018-01-13 23:25:30','2018-02-07 04:36:55'),(4,'CAR-0004',1,412,3,'2018-01-14 00:25:30','2018-02-07 04:36:55'),(8,'CAR-0008',1,424,1,'2018-01-14 15:35:30','2018-02-07 04:36:56'),(1,'CAR-0001',2,48,1,'2018-01-14 19:35:30','2018-02-07 04:36:56'),(1,'CAR-0001',1,428,3,'2018-01-15 00:45:30','2018-02-07 04:36:56'),(2,'CAR-0002',1,413,1,'2018-01-15 01:55:30','2018-02-07 04:36:56'),(1,'CAR-0001',1,429,2,'2018-01-15 02:15:30','2018-02-07 04:36:56'),(6,'CAR-0006',1,430,1,'2018-01-15 05:25:30','2018-02-07 04:36:56'),(7,'CAR-0007',2,49,1,'2018-01-15 11:05:30','2018-02-07 04:36:57'),(2,'CAR-0002',1,432,3,'2018-01-15 12:35:30','2018-02-07 04:36:56'),(6,'CAR-0006',1,433,2,'2018-01-15 18:35:30','2018-02-07 04:36:57'),(2,'CAR-0002',1,434,1,'2018-01-15 19:05:30','2018-02-07 04:36:57'),(9,'CAR-0009',1,423,3,'2018-01-16 12:15:30','2018-02-07 04:36:57'),(9,'CAR-0009',1,438,1,'2018-01-16 17:55:30','2018-02-07 04:36:58'),(5,'CAR-0005',1,418,3,'2018-01-16 21:35:30','2018-02-07 04:36:57'),(4,'CAR-0004',1,425,2,'2018-01-16 23:15:30','2018-02-07 04:36:58'),(5,'CAR-0005',2,50,3,'2018-01-17 01:05:30','2018-02-07 04:36:58'),(4,'CAR-0004',1,439,2,'2018-01-17 04:45:30','2018-02-07 04:36:58'),(10,'CAR-0010',1,419,1,'2018-01-17 05:35:30','2018-02-07 04:36:58'),(10,'CAR-0010',1,442,1,'2018-01-17 14:55:30','2018-02-07 04:36:58'),(10,'CAR-0010',1,444,1,'2018-01-17 20:35:30','2018-02-07 04:36:58'),(6,'CAR-0006',1,436,2,'2018-01-18 02:15:30','2018-02-07 04:36:58'),(10,'CAR-0010',1,446,2,'2018-01-18 07:35:30','2018-02-07 04:36:59'),(1,'CAR-0001',1,431,1,'2018-01-18 09:45:30','2018-02-07 04:36:59'),(9,'CAR-0009',1,440,3,'2018-01-18 12:45:30','2018-02-07 04:36:59'),(9,'CAR-0009',1,449,3,'2018-01-19 04:35:30','2018-02-07 04:36:59'),(7,'CAR-0007',1,435,2,'2018-01-19 22:05:30','2018-02-07 04:37:01'),(9,'CAR-0009',1,452,3,'2018-01-19 23:15:30','2018-02-07 04:37:00'),(9,'CAR-0009',1,455,3,'2018-01-20 11:45:30','2018-02-07 04:37:00'),(4,'CAR-0004',1,456,1,'2018-01-20 15:15:30','2018-02-07 04:37:01'),(6,'CAR-0006',1,447,2,'2018-01-20 16:45:30','2018-02-07 04:37:01'),(1,'CAR-0001',1,450,1,'2018-01-20 20:35:30','2018-02-07 04:37:01'),(9,'CAR-0009',1,457,3,'2018-01-20 23:15:30','2018-02-07 04:37:01'),(6,'CAR-0006',1,458,3,'2018-01-21 03:45:30','2018-02-07 04:37:01'),(6,'CAR-0006',1,463,1,'2018-01-21 19:25:30','2018-02-07 04:37:02'),(7,'CAR-0007',1,464,1,'2018-01-22 06:05:30','2018-02-07 04:37:02'),(8,'CAR-0008',1,465,3,'2018-01-22 15:05:30','2018-02-07 04:37:03'),(9,'CAR-0009',1,461,3,'2018-01-22 15:35:30','2018-02-07 04:37:02'),(9,'CAR-0009',1,466,3,'2018-01-22 16:15:30','2018-02-07 04:37:02'),(6,'CAR-0006',2,51,1,'2018-01-22 16:25:30','2018-02-07 04:37:02'),(7,'CAR-0007',2,52,2,'2018-01-22 18:25:30','2018-02-07 04:37:02'),(5,'CAR-0005',2,53,3,'2018-01-22 23:45:30','2018-02-07 04:37:04'),(1,'CAR-0001',1,460,3,'2018-01-23 00:05:30','2018-02-07 04:37:05'),(8,'CAR-0008',1,470,2,'2018-01-23 06:15:30','2018-02-07 04:37:04'),(3,'CAR-0003',1,453,2,'2018-01-23 07:05:30','2018-02-07 04:37:03'),(8,'CAR-0008',1,472,1,'2018-01-23 11:25:30','2018-02-07 04:37:04'),(9,'CAR-0009',1,479,3,'2018-01-25 00:45:30','2018-02-07 04:37:08'),(6,'CAR-0006',1,467,2,'2018-01-25 04:35:30','2018-02-07 04:37:08'),(9,'CAR-0009',1,480,3,'2018-01-25 08:55:30','2018-02-07 04:37:08'),(9,'CAR-0009',1,482,3,'2018-01-25 14:35:30','2018-02-07 04:37:09'),(5,'CAR-0005',1,484,3,'2018-01-26 04:15:30','2018-02-07 04:37:10'),(10,'CAR-0010',1,473,2,'2018-01-26 09:35:30','2018-02-07 04:37:10'),(10,'CAR-0010',1,485,1,'2018-01-26 11:45:30','2018-02-07 04:37:10'),(4,'CAR-0004',1,478,1,'2018-01-26 13:05:30','2018-02-07 04:37:10'),(5,'CAR-0005',1,486,1,'2018-01-26 14:25:30','2018-02-07 04:37:11'),(5,'CAR-0005',1,487,1,'2018-01-26 14:55:30','2018-02-07 04:37:11'),(4,'CAR-0004',1,488,1,'2018-01-26 17:05:30','2018-02-07 04:37:11'),(6,'CAR-0006',1,481,3,'2018-01-26 18:15:30','2018-02-07 04:37:12'),(8,'CAR-0008',1,490,1,'2018-01-26 21:15:30','2018-02-07 04:37:12'),(3,'CAR-0003',1,471,1,'2018-01-27 00:55:30','2018-02-07 04:37:15'),(4,'CAR-0004',1,491,1,'2018-01-27 04:05:30','2018-02-07 04:37:13'),(10,'CAR-0010',1,489,1,'2018-01-27 04:25:30','2018-02-07 04:37:13'),(5,'CAR-0005',1,494,3,'2018-01-27 06:05:30','2018-02-07 04:37:13'),(5,'CAR-0005',1,496,1,'2018-01-27 14:25:30','2018-02-07 04:37:13'),(2,'CAR-0002',1,476,2,'2018-01-27 15:35:30','2018-02-07 04:37:14'),(9,'CAR-0009',1,483,1,'2018-01-27 16:35:30','2018-02-07 04:37:14'),(10,'CAR-0010',2,54,2,'2018-01-27 23:15:30','2018-02-07 04:37:16'),(1,'CAR-0001',1,477,1,'2018-01-28 04:25:30','2018-02-07 04:37:15'),(5,'CAR-0005',1,499,2,'2018-01-28 07:35:30','2018-02-07 04:37:16'),(3,'CAR-0003',1,500,3,'2018-01-28 07:55:30','2018-02-07 04:37:15'),(1,'CAR-0001',1,501,3,'2018-01-28 14:25:30','2018-02-07 04:37:16'),(6,'CAR-0006',1,493,3,'2018-01-28 16:05:30','2018-02-07 04:37:16'),(6,'CAR-0006',1,504,2,'2018-01-28 22:35:30','2018-02-07 04:37:16'),(10,'CAR-0010',1,506,1,'2018-01-29 00:35:30','2018-02-07 04:37:16'),(1,'CAR-0001',1,507,3,'2018-01-29 00:55:30','2018-02-07 04:37:17'),(6,'CAR-0006',1,508,3,'2018-01-29 01:35:30','2018-02-07 04:37:17'),(9,'CAR-0009',1,498,1,'2018-01-29 03:05:30','2018-02-07 04:37:18'),(10,'CAR-0010',1,509,1,'2018-01-29 07:05:30','2018-02-07 04:37:18'),(6,'CAR-0006',1,511,2,'2018-01-29 12:35:30','2018-02-07 04:37:19'),(10,'CAR-0010',1,512,3,'2018-01-29 16:05:30','2018-02-07 04:37:18'),(2,'CAR-0002',1,497,1,'2018-01-29 16:35:30','2018-02-07 04:37:19'),(9,'CAR-0009',1,513,2,'2018-01-29 18:15:30','2018-02-07 04:37:18'),(10,'CAR-0010',2,55,1,'2018-01-29 22:35:30','2018-02-07 04:37:21'),(6,'CAR-0006',1,514,1,'2018-01-29 22:45:30','2018-02-07 04:37:19'),(9,'CAR-0009',1,517,3,'2018-01-30 05:25:30','2018-02-07 04:37:20'),(9,'CAR-0009',1,519,3,'2018-01-30 14:55:30','2018-02-07 04:37:21'),(7,'CAR-0007',1,505,1,'2018-01-30 19:25:30','2018-02-07 04:37:21'),(9,'CAR-0009',1,520,3,'2018-01-31 02:05:30','2018-02-07 04:37:22'),(8,'CAR-0008',1,521,3,'2018-01-31 03:35:30','2018-02-07 04:37:22'),(2,'CAR-0002',1,515,3,'2018-01-31 04:35:30','2018-02-07 04:37:22'),(10,'CAR-0010',2,56,3,'2018-01-31 05:45:30','2018-02-07 04:37:22'),(9,'CAR-0009',1,523,1,'2018-01-31 10:45:30','2018-02-07 04:37:22'),(8,'CAR-0008',1,524,3,'2018-01-31 11:45:30','2018-02-07 04:37:22'),(8,'CAR-0008',1,526,2,'2018-01-31 13:55:30','2018-02-07 04:37:23'),(6,'CAR-0006',1,528,1,'2018-01-31 20:35:30','2018-02-07 04:37:23'),(6,'CAR-0006',1,529,1,'2018-01-31 23:35:30','2018-02-07 04:37:24'),(9,'CAR-0009',1,530,2,'2018-02-01 04:35:30','2018-02-07 04:37:25'),(10,'CAR-0010',1,525,2,'2018-02-01 06:05:30','2018-02-07 04:37:24'),(6,'CAR-0006',1,532,1,'2018-02-01 09:55:30','2018-02-07 04:37:25'),(3,'CAR-0003',1,503,1,'2018-02-01 11:25:30','2018-02-07 04:37:26'),(6,'CAR-0006',1,534,1,'2018-02-01 18:55:30','2018-02-07 04:37:26'),(1,'CAR-0001',1,510,2,'2018-02-01 20:05:30','2018-02-07 04:37:26'),(9,'CAR-0009',1,535,1,'2018-02-01 20:15:30','2018-02-07 04:37:27'),(8,'CAR-0008',1,531,1,'2018-02-01 23:05:30','2018-02-07 04:37:26'),(1,'CAR-0001',1,538,1,'2018-02-02 03:35:30','2018-02-07 04:37:26'),(3,'CAR-0003',1,540,1,'2018-02-02 06:55:30','2018-02-07 04:37:27'),(1,'CAR-0001',1,543,2,'2018-02-02 13:05:30','2018-02-07 04:37:27'),(9,'CAR-0009',1,541,3,'2018-02-02 14:05:30','2018-02-07 04:37:28'),(1,'CAR-0001',1,545,2,'2018-02-02 16:55:30','2018-02-07 04:37:28'),(5,'CAR-0005',1,518,2,'2018-02-03 02:55:30','2018-02-07 04:37:29'),(10,'CAR-0010',1,533,1,'2018-02-03 03:35:30','2018-02-07 04:37:29'),(9,'CAR-0009',1,547,1,'2018-02-03 07:05:30','2018-02-07 04:37:29'),(10,'CAR-0010',2,57,1,'2018-02-03 13:45:30','2018-02-07 04:37:30'),(2,'CAR-0002',1,527,1,'2018-02-04 01:05:30','2018-02-07 04:37:31'),(7,'CAR-0007',1,552,2,'2018-02-05 04:15:30','2018-02-07 04:37:33'),(4,'CAR-0004',1,553,3,'2018-02-05 09:25:30','2018-02-07 04:37:33'),(7,'CAR-0007',1,554,2,'2018-02-05 19:05:30','2018-02-07 04:37:34'),(8,'CAR-0008',1,539,2,'2018-02-05 22:45:30','2018-02-07 04:37:34'),(6,'CAR-0006',1,536,1,'2018-02-06 03:55:30','2018-02-07 04:37:35'),(7,'CAR-0007',1,556,2,'2018-02-06 05:35:30','2018-02-07 04:37:35'),(6,'CAR-0006',1,559,1,'2018-02-06 19:25:30','2018-02-07 04:37:35'),(1,'CAR-0001',1,546,1,'2018-02-06 20:35:30','2018-02-07 04:37:36'),(10,'CAR-0010',1,550,2,'2018-02-06 23:15:30','2018-02-07 04:37:36'),(9,'CAR-0009',1,549,3,'2018-02-07 02:25:30',NULL),(10,'CAR-0010',1,560,2,'2018-02-07 04:05:30',NULL);
/*!40000 ALTER TABLE `car_transportation` ENABLE KEYS */;
UNLOCK TABLES;

--
-- Table structure for table `complaint`
--

DROP TABLE IF EXISTS `complaint`;
/*!40101 SET @saved_cs_client     = @@character_set_client */;
/*!40101 SET character_set_client = utf8 */;
CREATE TABLE `complaint` (
  `id` int(10) NOT NULL AUTO_INCREMENT,
  `customer_id` int(10) NOT NULL,
  `employee_id` int(10) DEFAULT NULL,
  `lot_id` int(10) DEFAULT NULL,
  `status` int(10) NOT NULL DEFAULT '1',
  `description` varchar(2000) COLLATE utf8mb4_unicode_ci DEFAULT NULL,
  `reason` varchar(255) COLLATE utf8mb4_unicode_ci DEFAULT NULL,
  `created_at` timestamp NOT NULL DEFAULT CURRENT_TIMESTAMP,
  `resolved_at` timestamp NULL DEFAULT NULL,
  `refund_amount` float NOT NULL DEFAULT '0',
  PRIMARY KEY (`id`)
) ENGINE=MEMORY AUTO_INCREMENT=92 DEFAULT CHARSET=utf8mb4 COLLATE=utf8mb4_unicode_ci;
/*!40101 SET character_set_client = @saved_cs_client */;

--
-- Dumping data for table `complaint`
--

LOCK TABLES `complaint` WRITE;
/*!40000 ALTER TABLE `complaint` DISABLE KEYS */;
INSERT INTO `complaint` VALUES (1,1,8,1,2,'I am very disappointed with your company because   u frgrf fgnsjjljfuflsnla rfs juuuaal and therefore I demand a compensation','Some reason','2017-11-08 07:25:30','2017-11-08 08:45:30',857340),(2,1,8,1,3,'I am very disappointed with your company because nf ugnrffnglrguruualurfufu and therefore I demand a compensation','Some reason','2017-11-08 07:45:30','2017-11-08 08:55:30',0),(3,9,8,1,2,'I am very disappointed with your company because  gnljrgfljsguaagjjr and therefore I demand a compensation','Some reason','2017-11-08 20:25:30','2017-11-08 21:15:30',290099),(4,7,8,1,2,'I am very disappointed with your company because ju  nj jgffujajjnuj ffsljjnrsjlffjujjs and therefore I demand a compensation','Some reason','2017-11-09 18:55:30','2017-11-09 21:45:30',485293),(5,2,8,3,3,'I am very disappointed with your company because njsgjrsjrufgj gs uru f ajju rjj  a and therefore I demand a compensation','Some reason','2017-11-11 22:15:30','2017-11-12 00:35:30',0),(6,6,8,3,2,'I am very disappointed with your company because ljgfj jfjarl ajagnnu f and therefore I demand a compensation','Some reason','2017-11-12 19:05:30','2017-11-12 20:05:30',959305),(7,10,8,1,2,'I am very disappointed with your company because slglufnlfjjfgf nj llf gfrfunfgfunfusjr and therefore I demand a compensation','Some reason','2017-11-14 15:35:30','2017-11-14 16:15:30',646926),(8,10,8,3,3,'I am very disappointed with your company because  fj au n nsuuulfrnjsuujrunflj and therefore I demand a compensation','Some reason','2017-11-16 07:15:30','2017-11-16 09:05:30',0),(9,8,8,1,2,'I am very disappointed with your company because jflurrujlujffffjgfj jjanfj and therefore I demand a compensation','Some reason','2017-11-17 06:45:30','2017-11-17 08:05:30',924645),(10,6,8,1,2,'I am very disappointed with your company because ffglaujug fljrsnlss and therefore I demand a compensation','Some reason','2017-11-17 17:55:30','2017-11-17 19:45:30',619388),(11,6,8,3,2,'I am very disappointed with your company because sl f ja   fla  ra jfjjrjln jguursrjja  ufu and therefore I demand a compensation','Some reason','2017-11-18 07:05:30','2017-11-18 07:15:30',262981),(12,1,8,2,3,'I am very disappointed with your company because lgrrjrjjfsjj aaajlsjjaujsrln jfs  and therefore I demand a compensation','Some reason','2017-11-18 10:15:30','2017-11-18 13:35:30',0),(13,4,8,3,2,'I am very disappointed with your company because a  snrj nnfn rusrnlgujruffjjfjrf ajlfgrfjrgu  and therefore I demand a compensation','Some reason','2017-11-19 08:45:30','2017-11-19 14:55:30',694285),(14,2,8,3,2,'I am very disappointed with your company because fjun rujraffgrjr fjs uusnnlsrjg ullfjjrg and therefore I demand a compensation','Some reason','2017-11-20 06:35:30','2017-11-20 07:15:30',718174),(15,1,8,1,2,'I am very disappointed with your company because nujflsjnlunulf arrfffrl uagfas jsfljjnu sn and therefore I demand a compensation','Some reason','2017-11-20 19:25:30','2017-11-20 20:15:30',68233),(16,4,8,3,2,'I am very disappointed with your company because lf   u  njujjr  g and therefore I demand a compensation','Some reason','2017-11-21 19:25:30','2017-11-21 19:55:30',130200),(17,2,8,1,2,'I am very disappointed with your company because f  jla g  gsgfjjjsl u rf and therefore I demand a compensation','Some reason','2017-11-23 03:45:30','2017-11-23 03:45:30',59705),(18,6,8,2,3,'I am very disappointed with your company because jnuffffjrjufusjfjjjnaa njsrfnrujruffgjnl and therefore I demand a compensation','Some reason','2017-11-24 10:35:30','2017-11-24 10:45:30',0),(19,5,8,2,3,'I am very disappointed with your company because jjrl  uuujjrlrg r nas jffg and therefore I demand a compensation','Some reason','2017-11-25 03:55:30','2017-11-25 05:25:30',0),(20,5,8,2,2,'I am very disappointed with your company because fnsranufasrgr f ujjfjuf and therefore I demand a compensation','Some reason','2017-11-25 20:05:30','2017-11-25 20:25:30',87726),(21,8,8,1,2,'I am very disappointed with your company because nljulrfgjjus uusjrr fs ua uuaa fjj and therefore I demand a compensation','Some reason','2017-11-27 14:05:30','2017-11-27 14:05:30',714431),(22,2,8,3,3,'I am very disappointed with your company because  fssgjjflflajjnun and therefore I demand a compensation','Some reason','2017-12-02 01:15:30','2017-12-02 02:25:30',0),(23,3,8,3,3,'I am very disappointed with your company because  sfgaf f njul nfgl u jgujjnjgf jjj and therefore I demand a compensation','Some reason','2017-12-02 21:15:30','2017-12-03 04:25:30',0),(24,6,8,3,2,'I am very disappointed with your company because j sljsjlnulu ug jajj jjjujsj anuru af  and therefore I demand a compensation','Some reason','2017-12-05 11:05:30','2017-12-05 12:05:30',505360),(25,7,8,1,2,'I am very disappointed with your company because fusal agluuuffnaflg u jrg ffgljjsnlrju jg   aru ja and therefore I demand a compensation','Some reason','2017-12-06 03:25:30','2017-12-06 06:35:30',978142),(26,1,8,3,3,'I am very disappointed with your company because fu l u jrjfjlusll fualf and therefore I demand a compensation','Some reason','2017-12-06 07:45:30','2017-12-06 10:55:30',0),(27,7,8,3,3,'I am very disappointed with your company because fffn f  rla and therefore I demand a compensation','Some reason','2017-12-06 10:45:30','2017-12-06 13:25:30',0),(28,3,8,2,3,'I am very disappointed with your company because jfaafa grruu  jsfurjjsgs uun and therefore I demand a compensation','Some reason','2017-12-06 14:35:30','2017-12-06 15:05:30',0),(29,6,8,1,2,'I am very disappointed with your company because  jur aalsj nnun ff  f and therefore I demand a compensation','Some reason','2017-12-07 16:25:30','2017-12-07 18:15:30',951756),(30,6,8,3,2,'I am very disappointed with your company because aflfluajunfrungfrl uuaf nff and therefore I demand a compensation','Some reason','2017-12-07 21:45:30','2017-12-07 23:05:30',89255),(31,8,8,2,2,'I am very disappointed with your company because arnungrju j and therefore I demand a compensation','Some reason','2017-12-09 09:25:30','2017-12-09 10:35:30',599740),(32,10,8,3,2,'I am very disappointed with your company because  f fjsrfnlgjjjuujaaga and therefore I demand a compensation','Some reason','2017-12-09 21:45:30','2017-12-09 22:25:30',109071),(33,3,8,2,3,'I am very disappointed with your company because afjajjfgjfnsllsu uujl afuujn ssfrfsuf and therefore I demand a compensation','Some reason','2017-12-10 22:05:30','2017-12-10 22:05:30',0),(34,3,8,1,2,'I am very disappointed with your company because fjrunjfaguusfjrfsuuj u and therefore I demand a compensation','Some reason','2017-12-11 09:05:30','2017-12-11 11:15:30',997490),(35,7,8,1,3,'I am very disappointed with your company because gagffgjlfajjfusfj jnfjrflr nfjrlfagrjf u fjal and therefore I demand a compensation','Some reason','2017-12-13 08:35:30','2017-12-13 08:55:30',0),(36,6,8,3,3,'I am very disappointed with your company because gguulu ulfn and therefore I demand a compensation','Some reason','2017-12-14 03:45:30','2017-12-14 06:05:30',0),(37,10,8,3,2,'I am very disappointed with your company because jrnj gg nfl fsflurnjfu  jjj and therefore I demand a compensation','Some reason','2017-12-15 11:05:30','2017-12-15 13:05:30',676101),(38,1,8,2,2,'I am very disappointed with your company because  rjju jnulffu  and therefore I demand a compensation','Some reason','2017-12-17 23:35:30','2017-12-18 03:15:30',15612),(39,3,8,1,3,'I am very disappointed with your company because ffaj nll jr arflnsrgj  sf lff rjujruauglfjsaa lf and therefore I demand a compensation','Some reason','2017-12-17 23:55:30','2017-12-18 05:15:30',0),(40,8,8,3,2,'I am very disappointed with your company because jf frjnjufunr ufjanngulaa suf jjll  ajlgaar ja and therefore I demand a compensation','Some reason','2017-12-20 11:35:30','2017-12-20 12:05:30',66989),(41,8,8,3,3,'I am very disappointed with your company because ulfg ssjjsjf sjnj sr rlassnjj ngna and therefore I demand a compensation','Some reason','2017-12-20 13:05:30','2017-12-20 13:35:30',0),(42,1,8,1,3,'I am very disappointed with your company because sjaufjjnfrlasunlnjffj ran and therefore I demand a compensation','Some reason','2017-12-21 17:45:30','2017-12-21 22:25:30',0),(43,6,8,3,3,'I am very disappointed with your company because u u  lgf lngl uj  sujfgulluujnuajfnjgfljrnj j uara and therefore I demand a compensation','Some reason','2017-12-22 02:55:30','2017-12-22 05:55:30',0),(44,2,8,2,3,'I am very disappointed with your company because  g jjn uj lgfnjau and therefore I demand a compensation','Some reason','2017-12-22 04:45:30','2017-12-22 06:35:30',0),(45,2,8,2,2,'I am very disappointed with your company because uururafnujl lrjjjrr ajfu rrjujgl l and therefore I demand a compensation','Some reason','2017-12-22 05:35:30','2017-12-22 10:25:30',773986),(46,6,8,2,3,'I am very disappointed with your company because f ufjsjuj nnj ljjsl anfflr and therefore I demand a compensation','Some reason','2017-12-22 14:05:30','2017-12-22 16:15:30',0),(47,2,8,1,3,'I am very disappointed with your company because gnnsjj fgjajfajjurjjfluusr and therefore I demand a compensation','Some reason','2017-12-22 15:35:30','2017-12-22 20:45:30',0),(48,10,8,3,3,'I am very disappointed with your company because uuju  lj ajasjjjajggasjrjagrnjf and therefore I demand a compensation','Some reason','2017-12-22 18:15:30','2017-12-22 21:45:30',0),(49,5,8,2,2,'I am very disappointed with your company because gnn rgsngnru and therefore I demand a compensation','Some reason','2017-12-23 13:25:30','2017-12-23 14:25:30',10000),(50,5,8,2,3,'I am very disappointed with your company because lsusujfrjrl gaff rjaff and therefore I demand a compensation','Some reason','2017-12-23 13:35:30','2017-12-23 14:45:30',0),(51,9,8,3,2,'I am very disappointed with your company because uj jgufanfjnulusrnja ujurf jgrsuurjs jjaffs u and therefore I demand a compensation','Some reason','2017-12-24 09:25:30','2017-12-24 09:45:30',936735),(52,9,8,3,2,'I am very disappointed with your company because  uf jufjgarj fggnafasfjg s and therefore I demand a compensation','Some reason','2017-12-24 09:55:30','2017-12-24 12:05:30',384164),(53,8,8,2,3,'I am very disappointed with your company because jnlujrnfjsa jjujrujjlrs grsgjsj uuuasgns and therefore I demand a compensation','Some reason','2017-12-25 11:05:30','2017-12-25 11:55:30',0),(54,3,8,3,2,'I am very disappointed with your company because l snrsfusfuufrsfuuuaulfffrjfu f and therefore I demand a compensation','Some reason','2017-12-25 23:35:30','2017-12-26 04:35:30',170724),(55,1,8,1,2,'I am very disappointed with your company because fgsj nuarff f  uguss and therefore I demand a compensation','Some reason','2017-12-26 11:15:30','2017-12-26 15:05:30',538472),(56,5,8,1,3,'I am very disappointed with your company because sfjgjjjfuualjnfuufljuafj and therefore I demand a compensation','Some reason','2017-12-26 11:25:30','2017-12-26 18:35:30',0),(57,10,8,1,3,'I am very disappointed with your company because gngjn njgfguanfjjff lusjjuuffauuur jufaslsf  and therefore I demand a compensation','Some reason','2017-12-27 14:05:30','2017-12-27 15:35:30',0),(58,7,8,1,3,'I am very disappointed with your company because j fsjf fjnjjjjjjugfjj  fsfafsfuf and therefore I demand a compensation','Some reason','2017-12-28 05:55:30','2017-12-28 05:55:30',0),(59,7,8,1,3,'I am very disappointed with your company because fngragffusjrsujsaj uja ffr aff and therefore I demand a compensation','Some reason','2017-12-28 13:35:30','2017-12-28 15:25:30',0),(60,9,8,1,2,'I am very disappointed with your company because  ffsfa jlffsufjfsfffujg uar  gjuajfjr and therefore I demand a compensation','Some reason','2017-12-31 21:05:30','2017-12-31 21:55:30',525494),(61,5,8,2,3,'I am very disappointed with your company because fluug fj gffssrjn s and therefore I demand a compensation','Some reason','2018-01-01 18:05:30','2018-01-01 18:15:30',0),(62,1,8,2,2,'I am very disappointed with your company because sjrf ffs nuaju fafgfngu and therefore I demand a compensation','Some reason','2018-01-02 22:05:30','2018-01-02 22:25:30',962328),(63,5,8,3,3,'I am very disappointed with your company because f lsfgflnnr jf ng  jjju jjgnuf gn and therefore I demand a compensation','Some reason','2018-01-03 02:35:30','2018-01-03 06:55:30',0),(64,4,8,1,2,'I am very disappointed with your company because  lsng nslnrujfj lj and therefore I demand a compensation','Some reason','2018-01-05 05:45:30','2018-01-05 07:55:30',865195),(65,9,8,3,2,'I am very disappointed with your company because f jrjrujrsj gsjn gf jsfgj fa and therefore I demand a compensation','Some reason','2018-01-06 08:55:30','2018-01-06 10:55:30',711229),(66,1,8,2,2,'I am very disappointed with your company because fj faruuaglrjlusujnaaf uf usf and therefore I demand a compensation','Some reason','2018-01-06 16:05:30','2018-01-06 18:55:30',148926),(67,1,8,2,3,'I am very disappointed with your company because ju surffrujjsffgsjsalgujsjgnffjf and therefore I demand a compensation','Some reason','2018-01-06 23:25:30','2018-01-07 05:05:30',0),(68,3,8,3,3,'I am very disappointed with your company because lgffn usnj gu jfau j uaf fj j js gguuufgj una and therefore I demand a compensation','Some reason','2018-01-08 13:05:30','2018-01-08 13:05:30',0),(69,2,8,2,3,'I am very disappointed with your company because u ljunalfjl jfjjujfuufafajs and therefore I demand a compensation','Some reason','2018-01-09 10:35:30','2018-01-09 11:35:30',0),(70,10,8,1,2,'I am very disappointed with your company because auffjjsjull sljujjj ajfuunullj ju janjfffjj and therefore I demand a compensation','Some reason','2018-01-09 14:35:30','2018-01-09 16:05:30',483461),(71,6,8,3,2,'I am very disappointed with your company because ausgfs ugjlljus  f nflsjfugjfjsjg and therefore I demand a compensation','Some reason','2018-01-09 19:35:30','2018-01-10 02:25:30',828020),(72,6,8,2,3,'I am very disappointed with your company because rjfs uu arn  and therefore I demand a compensation','Some reason','2018-01-10 04:55:30','2018-01-10 05:25:30',0),(73,6,8,3,2,'I am very disappointed with your company because jjnr alujjjnsnalr and therefore I demand a compensation','Some reason','2018-01-21 14:15:30','2018-01-21 14:15:30',700007),(74,7,8,2,3,'I am very disappointed with your company because ggjf ju uusf fa and therefore I demand a compensation','Some reason','2018-01-21 22:25:30','2018-01-22 02:55:30',0),(75,6,8,1,2,'I am very disappointed with your company because nj nrlffgs  j ugsf lg and therefore I demand a compensation','Some reason','2018-01-22 14:25:30','2018-01-22 14:45:30',894811),(76,6,8,1,2,'I am very disappointed with your company because gaujn rgjj uuufufjr and therefore I demand a compensation','Some reason','2018-01-22 18:55:30','2018-01-22 22:25:30',407770),(77,8,8,3,3,'I am very disappointed with your company because usafjgl fjajur luajlllnujffr jfujgsaffa sj  l s  and therefore I demand a compensation','Some reason','2018-01-23 02:15:30','2018-01-23 05:25:30',0),(78,10,8,3,2,'I am very disappointed with your company because lnfgjnjgns   sf  l fgugu jnguuffjluffafu and therefore I demand a compensation','Some reason','2018-01-23 08:05:30','2018-01-23 10:15:30',625274),(79,9,8,3,2,'I am very disappointed with your company because fn sfflujgr and therefore I demand a compensation','Some reason','2018-01-25 22:15:30','2018-01-25 23:15:30',130949),(80,5,8,3,3,'I am very disappointed with your company because su ugfjrujuggs rjsn fuflru and therefore I demand a compensation','Some reason','2018-01-26 07:25:30','2018-01-26 08:05:30',0),(81,3,8,3,2,'I am very disappointed with your company because jjfsrnu ajrsjjfgnsssrgjajall and therefore I demand a compensation','Some reason','2018-01-28 12:25:30','2018-01-28 14:35:30',103689),(82,3,8,3,3,'I am very disappointed with your company because jja jujrjg ragajnsfnuln nsjujjfgujflrujj and therefore I demand a compensation','Some reason','2018-01-28 15:25:30','2018-01-28 15:45:30',0),(83,6,8,3,3,'I am very disappointed with your company because jujurajuuujsj  fnjusrunjjjjaaaau junsfjr and therefore I demand a compensation','Some reason','2018-01-29 01:25:30','2018-01-29 01:45:30',0),(84,9,8,2,2,'I am very disappointed with your company because g jaru ul nnj jnfrnjrlufnjuffs j fjff and therefore I demand a compensation','Some reason','2018-01-29 21:55:30','2018-01-30 00:35:30',291233),(85,6,8,1,3,'I am very disappointed with your company because  ruj fu jn and therefore I demand a compensation','Some reason','2018-01-30 01:45:30','2018-01-30 04:45:30',0),(86,8,8,3,3,'I am very disappointed with your company because ufa sf f j glng jrlgjagausgf and therefore I demand a compensation','Some reason','2018-01-31 09:25:30','2018-01-31 10:05:30',0),(87,8,8,1,2,'I am very disappointed with your company because jfflu fsgjufjj surjusjnuuulrugafgn uugrg fjff and therefore I demand a compensation','Some reason','2018-02-01 01:35:30','2018-02-01 01:45:30',793689),(88,10,8,2,2,'I am very disappointed with your company because ajuugljf ffajufs lusuugnssga auf and therefore I demand a compensation','Some reason','2018-02-01 10:35:30','2018-02-01 10:55:30',923652),(89,6,8,1,2,'I am very disappointed with your company because lggjnu asj  and therefore I demand a compensation','Some reason','2018-02-01 17:25:30','2018-02-01 22:45:30',394648),(90,1,8,2,2,'I am very disappointed with your company because  sjgjjnfufjlgjs glujujjjjlfuuulfu fgfrj and therefore I demand a compensation','Some reason','2018-02-02 01:45:30','2018-02-02 03:05:30',307927),(91,1,8,2,2,'I am very disappointed with your company because lslffjajujjlfrrfufuj jun fru lgnu  ujrsuj srl jjr  and therefore I demand a compensation','Some reason','2018-02-02 21:45:30','2018-02-02 22:35:30',47239);
/*!40000 ALTER TABLE `complaint` ENABLE KEYS */;
UNLOCK TABLES;

--
-- Table structure for table `customer`
--

DROP TABLE IF EXISTS `customer`;
/*!40101 SET @saved_cs_client     = @@character_set_client */;
/*!40101 SET character_set_client = utf8 */;
CREATE TABLE `customer` (
  `id` int(11) NOT NULL AUTO_INCREMENT,
  `email` varchar(255) COLLATE utf8mb4_unicode_ci NOT NULL,
  `password` varchar(45) COLLATE utf8mb4_unicode_ci NOT NULL,
  `debit` float NOT NULL DEFAULT '0',
  `credit` float NOT NULL DEFAULT '0',
  PRIMARY KEY (`id`)
) ENGINE=MEMORY AUTO_INCREMENT=11 DEFAULT CHARSET=utf8mb4 COLLATE=utf8mb4_unicode_ci;
/*!40101 SET character_set_client = @saved_cs_client */;

--
-- Dumping data for table `customer`
--

LOCK TABLES `customer` WRITE;
/*!40000 ALTER TABLE `customer` DISABLE KEYS */;
INSERT INTO `customer` VALUES (1,'user1@sjfrn.com','5368',16717900,2946090),(2,'user2@ugjga.com','6358',15252900,1551860),(3,'user3@uuusr.com','7852',19563100,1271900),(4,'user4@jfgra.com','6501',9013520,1689680),(5,'user5@lsgul.com','7177',15623900,97726),(6,'user6@nfura.com','0169',25693700,6613300),(7,'user7@flgjr.com','9743',22437900,1463440),(8,'user8@ugugf.com','2570',19250600,3099500),(9,'user9@gjlls.com','2435',31504500,3269890),(10,'user10@lfnjj.com','4028',9783320,3464480);
/*!40000 ALTER TABLE `customer` ENABLE KEYS */;
UNLOCK TABLES;

--
-- Table structure for table `daily_statistics`
--

DROP TABLE IF EXISTS `daily_statistics`;
/*!40101 SET @saved_cs_client     = @@character_set_client */;
/*!40101 SET character_set_client = utf8 */;
CREATE TABLE `daily_statistics` (
  `day` date NOT NULL,
  `lot_id` int(10) NOT NULL,
  `realized_orders` int(10) DEFAULT '0',
  `canceled_orders` int(10) DEFAULT '0',
  `late_arrivals` int(10) DEFAULT '0',
  `inactive_slots` int(10) DEFAULT '0',
  PRIMARY KEY (`day`,`lot_id`)
) ENGINE=MEMORY DEFAULT CHARSET=utf8mb4 COLLATE=utf8mb4_unicode_ci;
/*!40101 SET character_set_client = @saved_cs_client */;

--
-- Dumping data for table `daily_statistics`
--

LOCK TABLES `daily_statistics` WRITE;
/*!40000 ALTER TABLE `daily_statistics` DISABLE KEYS */;
INSERT INTO `daily_statistics` VALUES ('2017-11-07',1,1,0,0,0),('2017-11-08',1,1,0,0,0),('2017-11-08',2,1,0,0,0),('2017-11-09',2,1,0,0,0),('2017-11-09',1,1,0,0,0),('2017-11-10',1,1,0,0,0),('2017-11-10',2,1,0,0,0),('2017-11-11',1,1,0,0,0),('2017-11-11',3,1,0,0,0),('2017-11-11',2,1,0,0,0),('2017-11-12',1,1,0,0,0),('2017-11-12',3,1,0,0,0),('2017-11-12',2,1,0,0,0),('2017-11-13',2,1,0,0,0),('2017-11-13',1,1,0,0,0),('2017-11-13',3,1,0,0,0),('2017-11-14',1,1,0,0,0),('2017-11-14',2,1,0,0,0),('2017-11-14',3,1,0,0,0),('2017-11-15',2,1,0,0,0),('2017-11-15',3,1,0,0,0),('2017-11-15',1,1,0,0,0),('2017-11-16',2,1,0,0,0),('2017-11-16',3,1,0,0,0),('2017-11-17',3,1,0,0,0),('2017-11-17',1,1,0,0,0),('2017-11-17',2,1,0,0,0),('2017-11-18',2,1,0,0,0),('2017-11-18',1,1,0,0,0),('2017-11-19',2,1,0,0,0),('2017-11-19',3,1,0,0,0),('2017-11-19',1,1,0,0,0),('2017-11-20',3,1,0,0,0),('2017-11-20',1,1,0,0,0),('2017-11-20',2,1,0,0,0),('2017-11-21',3,1,0,0,0),('2017-11-21',1,1,0,0,0),('2017-11-22',3,1,0,0,0),('2017-11-22',2,1,0,0,0),('2017-11-22',1,1,0,0,0),('2017-11-23',2,1,0,0,0),('2017-11-23',1,1,0,0,0),('2017-11-23',3,1,0,0,0),('2017-11-24',2,1,0,0,0),('2017-11-24',3,1,0,0,0),('2017-11-24',1,1,0,0,0),('2017-11-25',1,1,0,0,0),('2017-11-25',2,1,0,0,0),('2017-11-25',3,1,0,0,0),('2017-11-26',1,1,0,0,0),('2017-11-26',3,1,0,0,0),('2017-11-27',3,1,0,0,0),('2017-11-27',1,1,0,0,0),('2017-11-28',1,1,0,0,0),('2017-11-28',2,1,0,0,0),('2017-11-29',2,1,0,0,0),('2017-11-30',1,1,0,0,0),('2017-12-01',1,1,0,0,0),('2017-12-02',1,1,0,0,0),('2017-12-02',3,1,0,0,0),('2017-12-02',2,1,0,0,0),('2017-12-03',2,1,0,0,0),('2017-12-04',1,1,0,0,0),('2017-12-05',1,1,0,0,0),('2017-12-05',3,1,0,0,0),('2017-12-06',3,1,0,0,0),('2017-12-06',1,1,0,0,0),('2017-12-06',2,1,0,0,0),('2017-12-07',2,1,0,0,0),('2017-12-07',3,1,0,0,0),('2017-12-08',2,1,0,0,0),('2017-12-08',3,1,0,0,0),('2017-12-08',1,1,0,0,0),('2017-12-09',2,1,0,0,0),('2017-12-09',3,1,0,0,0),('2017-12-10',1,1,0,0,0),('2017-12-10',2,1,0,0,0),('2017-12-11',3,1,0,0,0),('2017-12-11',2,1,0,0,0),('2017-12-11',1,1,0,0,0),('2017-12-12',3,1,0,0,0),('2017-12-12',1,1,0,0,0),('2017-12-12',2,1,0,0,0),('2017-12-13',1,1,0,0,0),('2017-12-13',3,1,0,0,0),('2017-12-14',1,1,0,0,0),('2017-12-14',3,1,0,0,0),('2017-12-14',2,1,0,0,0),('2017-12-15',3,1,0,0,0),('2017-12-15',1,1,0,0,0),('2017-12-15',2,1,0,0,0),('2017-12-16',3,1,0,0,0),('2017-12-16',1,1,0,0,0),('2017-12-17',2,1,0,0,0),('2017-12-17',3,1,0,0,0),('2017-12-17',1,1,0,0,0),('2017-12-18',1,1,0,0,0),('2017-12-18',2,1,0,0,0),('2017-12-18',3,1,0,0,0),('2017-12-19',3,1,0,0,0),('2017-12-19',2,1,0,0,0),('2017-12-19',1,1,0,0,0),('2017-12-20',3,1,0,0,0),('2017-12-20',1,1,0,0,0),('2017-12-21',2,1,0,0,0),('2017-12-21',1,1,0,0,0),('2017-12-22',2,1,0,0,0),('2017-12-22',3,1,0,0,0),('2017-12-22',1,1,0,0,0),('2017-12-23',1,1,0,0,0),('2017-12-23',3,1,0,0,0),('2017-12-23',2,1,0,0,0),('2017-12-24',3,1,0,0,0),('2017-12-24',1,1,0,0,0),('2017-12-24',2,1,0,0,0),('2017-12-25',2,1,0,0,0),('2017-12-25',1,1,0,0,0),('2017-12-25',3,1,0,0,0),('2017-12-26',3,1,0,0,0),('2017-12-26',1,1,0,0,0),('2017-12-26',2,1,0,0,0),('2017-12-27',3,1,0,0,0),('2017-12-27',1,1,0,0,0),('2017-12-28',1,1,0,0,0),('2017-12-28',3,1,0,0,0),('2017-12-28',2,1,0,0,0),('2017-12-29',3,1,0,0,0),('2017-12-29',2,1,0,0,0),('2017-12-30',3,1,0,0,0),('2017-12-31',2,1,0,0,0),('2017-12-31',1,1,0,0,0),('2017-12-31',3,1,0,0,0),('2018-01-01',1,1,0,0,0),('2018-01-01',2,1,0,0,0),('2018-01-01',3,1,0,0,0),('2018-01-02',1,1,0,0,0),('2018-01-02',2,1,0,0,0),('2018-01-04',3,1,0,0,0),('2018-01-05',2,1,0,0,0),('2018-01-05',3,1,0,0,0),('2018-01-05',1,1,0,0,0),('2018-01-06',1,1,0,0,0),('2018-01-06',2,1,0,0,0),('2018-01-06',3,1,0,0,0),('2018-01-08',1,1,0,0,0),('2018-01-09',1,1,0,0,0),('2018-01-09',3,1,0,0,0),('2018-01-09',2,1,0,0,0),('2018-01-10',2,1,0,0,0),('2018-01-10',3,1,0,0,0),('2018-01-10',1,1,0,0,0),('2018-01-11',2,1,0,0,0),('2018-01-11',3,1,0,0,0),('2018-01-12',1,1,0,0,0),('2018-01-12',2,1,0,0,0),('2018-01-13',3,1,0,0,0),('2018-01-13',2,1,0,0,0),('2018-01-13',1,1,0,0,0),('2018-01-14',3,1,0,0,0),('2018-01-14',1,1,0,0,0),('2018-01-15',3,1,0,0,0),('2018-01-15',1,1,0,0,0),('2018-01-15',2,1,0,0,0),('2018-01-16',3,1,0,0,0),('2018-01-16',1,1,0,0,0),('2018-01-17',2,1,0,0,0),('2018-01-17',1,1,0,0,0),('2018-01-18',2,1,0,0,0),('2018-01-18',1,1,0,0,0),('2018-01-18',3,1,0,0,0),('2018-01-19',3,1,0,0,0),('2018-01-20',2,1,0,0,0),('2018-01-20',3,1,0,0,0),('2018-01-20',1,1,0,0,0),('2018-01-21',3,1,0,0,0),('2018-01-21',1,1,0,0,0),('2018-01-22',1,1,0,0,0),('2018-01-22',3,1,0,0,0),('2018-01-23',3,1,0,0,0),('2018-01-23',2,1,0,0,0),('2018-01-23',1,1,0,0,0),('2018-01-25',3,1,0,0,0),('2018-01-25',2,1,0,0,0),('2018-01-26',3,1,0,0,0),('2018-01-26',2,1,0,0,0),('2018-01-26',1,1,0,0,0),('2018-01-27',1,1,0,0,0),('2018-01-27',3,1,0,0,0),('2018-01-27',2,1,0,0,0),('2018-01-28',1,1,0,0,0),('2018-01-28',2,1,0,0,0),('2018-01-28',3,1,0,0,0),('2018-01-29',2,1,0,0,0),('2018-01-29',1,1,0,0,0),('2018-01-29',3,1,0,0,0),('2018-01-30',1,1,0,0,0),('2018-01-30',3,1,0,0,0),('2018-01-31',3,1,0,0,0),('2018-01-31',1,1,0,0,0),('2018-01-31',2,1,0,0,0),('2018-02-01',1,1,0,0,0),('2018-02-01',2,1,0,0,0),('2018-02-02',1,1,0,0,0),('2018-02-02',2,1,0,0,0),('2018-02-02',3,1,0,0,0),('2018-02-03',2,1,0,0,0),('2018-02-03',1,1,0,0,0),('2018-02-04',1,1,0,0,0),('2018-02-05',2,1,0,0,0),('2018-02-05',3,1,0,0,0),('2018-02-06',2,1,0,0,0),('2018-02-06',1,1,0,0,0),('2018-02-07',2,1,0,0,0),('2018-02-07',3,1,0,0,0);
/*!40000 ALTER TABLE `daily_statistics` ENABLE KEYS */;
UNLOCK TABLES;

--
-- Table structure for table `disabled_slots_table`
--

DROP TABLE IF EXISTS `disabled_slots_table`;
/*!40101 SET @saved_cs_client     = @@character_set_client */;
/*!40101 SET character_set_client = utf8 */;
CREATE TABLE `disabled_slots_table` (
  `lotid` int(11) NOT NULL,
  `date_disabled` timestamp NOT NULL DEFAULT '0000-00-00 00:00:00',
  `width` int(11) NOT NULL,
  `height` int(11) NOT NULL,
  `depth` int(11) NOT NULL,
  `date_enabled` timestamp NULL DEFAULT NULL,
  PRIMARY KEY (`lotid`,`depth`,`height`,`width`,`date_disabled`)
) ENGINE=MEMORY DEFAULT CHARSET=utf8;
/*!40101 SET character_set_client = @saved_cs_client */;

--
-- Dumping data for table `disabled_slots_table`
--

LOCK TABLES `disabled_slots_table` WRITE;
/*!40000 ALTER TABLE `disabled_slots_table` DISABLE KEYS */;
INSERT INTO `disabled_slots_table` VALUES (2,'2017-11-07 21:55:30',3,0,2,'2017-11-07 23:55:30'),(1,'2017-11-07 22:05:30',1,2,0,'2017-11-08 12:05:30'),(3,'2017-11-07 22:15:30',3,2,2,'2017-11-09 05:15:30'),(3,'2017-11-08 03:25:30',5,0,1,'2017-11-08 21:25:30'),(2,'2017-11-08 05:45:30',0,2,1,'2017-11-09 12:45:30'),(1,'2017-11-08 12:05:30',3,2,2,'2017-11-09 08:05:30'),(3,'2017-11-08 22:45:30',2,1,1,'2017-11-09 16:45:30'),(1,'2017-11-08 23:45:30',3,0,2,'2017-11-10 11:45:30'),(2,'2017-11-09 09:45:30',0,0,0,'2017-11-10 01:45:30'),(2,'2017-11-09 15:05:30',3,1,0,'2017-11-09 17:05:30'),(1,'2017-11-09 20:45:30',2,2,0,'2017-11-10 06:45:30'),(3,'2017-11-10 02:45:30',3,0,2,'2017-11-12 01:45:30'),(1,'2017-11-10 07:55:30',0,0,1,'2017-11-11 01:55:30'),(3,'2017-11-10 11:55:30',6,0,0,'2017-11-11 23:55:30'),(1,'2017-11-10 17:15:30',3,1,2,'2017-11-11 21:15:30'),(2,'2017-11-11 04:35:30',3,2,1,'2017-11-12 09:35:30'),(1,'2017-11-11 09:25:30',1,1,1,'2017-11-11 18:25:30'),(2,'2017-11-11 16:25:30',2,0,0,'2017-11-13 04:25:30'),(1,'2017-11-12 01:15:30',0,0,0,'2017-11-13 15:15:30'),(3,'2017-11-12 04:35:30',3,2,0,'2017-11-14 03:35:30'),(3,'2017-11-12 07:15:30',0,2,2,'2017-11-14 00:15:30'),(1,'2017-11-12 11:25:30',2,1,2,'2017-11-13 07:25:30'),(2,'2017-11-12 17:35:30',1,0,1,'2017-11-14 06:35:30'),(1,'2017-11-14 03:55:30',0,0,2,'2017-11-15 04:55:30'),(1,'2017-11-14 06:55:30',3,1,2,'2017-11-14 13:55:30'),(3,'2017-11-14 07:35:30',1,2,1,'2017-11-14 08:35:30'),(3,'2017-11-15 06:55:30',5,0,0,'2017-11-15 14:55:30'),(3,'2017-11-15 06:55:30',0,2,1,'2017-11-16 03:55:30'),(2,'2017-11-15 10:45:30',2,1,0,'2017-11-16 09:45:30'),(1,'2017-11-15 11:05:30',3,2,0,'2017-11-15 16:05:30'),(3,'2017-11-15 22:05:30',5,2,2,'2017-11-17 17:05:30'),(1,'2017-11-16 06:55:30',3,2,0,'2017-11-17 08:55:30'),(1,'2017-11-16 10:15:30',2,0,1,'2017-11-16 17:15:30'),(3,'2017-11-16 12:25:30',2,1,2,'2017-11-16 13:25:30'),(2,'2017-11-17 05:05:30',1,2,0,'2017-11-19 00:05:30'),(3,'2017-11-17 16:55:30',3,0,0,'2017-11-19 04:55:30'),(1,'2017-11-17 18:55:30',0,1,0,'2017-11-18 15:55:30'),(1,'2017-11-18 00:15:30',0,2,1,'2017-11-18 20:15:30'),(3,'2017-11-18 00:55:30',6,2,1,'2017-11-18 10:55:30'),(2,'2017-11-18 10:05:30',0,1,0,'2017-11-20 06:05:30'),(1,'2017-11-18 16:35:30',1,1,0,'2017-11-18 21:35:30'),(1,'2017-11-18 22:05:30',1,1,2,'2017-11-19 04:05:30'),(2,'2017-11-19 12:15:30',1,0,2,'2017-11-20 09:15:30'),(3,'2017-11-19 17:55:30',1,2,1,'2017-11-20 01:55:30'),(1,'2017-11-19 22:15:30',1,0,1,'2017-11-21 00:15:30'),(1,'2017-11-20 04:15:30',1,2,1,'2017-11-21 08:15:30'),(2,'2017-11-20 07:25:30',3,2,2,'2017-11-20 18:25:30'),(3,'2017-11-20 09:55:30',2,0,2,'2017-11-20 14:55:30'),(3,'2017-11-20 16:15:30',5,0,0,'2017-11-20 22:15:30'),(2,'2017-11-20 18:05:30',0,0,1,'2017-11-20 20:05:30'),(3,'2017-11-21 01:35:30',5,2,1,'2017-11-21 05:35:30'),(1,'2017-11-21 02:25:30',3,1,2,'2017-11-21 23:25:30'),(3,'2017-11-21 09:15:30',6,0,2,'2017-11-22 11:15:30'),(3,'2017-11-21 11:25:30',6,2,1,'2017-11-22 19:25:30'),(2,'2017-11-21 14:35:30',0,2,0,'2017-11-22 20:35:30'),(1,'2017-11-22 01:45:30',2,0,0,'2017-11-23 02:45:30'),(2,'2017-11-22 19:45:30',3,0,1,'2017-11-24 10:45:30'),(2,'2017-11-22 22:05:30',1,2,0,'2017-11-23 15:05:30'),(3,'2017-11-22 23:15:30',5,1,1,'2017-11-24 12:15:30'),(3,'2017-11-23 01:05:30',2,0,1,'2017-11-24 21:05:30'),(1,'2017-11-23 02:15:30',2,1,2,'2017-11-24 14:15:30'),(2,'2017-11-23 15:45:30',3,2,0,'2017-11-24 16:45:30'),(1,'2017-11-24 13:25:30',3,0,2,'2017-11-25 02:25:30'),(3,'2017-11-24 14:45:30',5,2,1,'2017-11-25 00:45:30'),(1,'2017-11-24 15:45:30',0,1,2,'2017-11-26 14:45:30'),(1,'2017-11-25 07:35:30',1,1,0,'2017-11-25 13:35:30'),(2,'2017-11-25 09:05:30',0,0,1,'2017-11-26 12:05:30'),(2,'2017-11-25 16:35:30',1,0,2,'2017-11-27 12:35:30'),(3,'2017-11-26 05:55:30',6,1,2,'2017-11-27 12:55:30'),(3,'2017-11-26 08:55:30',7,0,1,'2017-11-26 20:55:30'),(2,'2017-11-26 12:15:30',1,0,0,'2017-11-27 17:15:30'),(1,'2017-11-26 13:25:30',1,0,1,'2017-11-28 07:25:30'),(1,'2017-11-27 16:05:30',2,1,1,'2017-11-27 20:05:30'),(2,'2017-11-27 20:05:30',0,0,1,'2017-11-28 05:05:30'),(3,'2017-11-27 21:25:30',0,0,2,'2017-11-28 14:25:30'),(3,'2017-11-28 07:15:30',4,0,1,'2017-11-29 07:15:30'),(2,'2017-11-28 10:15:30',3,2,0,'2017-11-29 20:15:30'),(1,'2017-11-28 11:45:30',3,2,0,'2017-11-30 04:45:30'),(2,'2017-11-28 14:25:30',1,0,2,'2017-11-29 19:25:30'),(1,'2017-11-28 16:25:30',1,2,2,'2017-11-28 18:25:30'),(3,'2017-11-28 21:35:30',2,1,2,'2017-11-29 21:35:30'),(2,'2017-11-29 19:55:30',3,0,1,'2017-12-01 11:55:30'),(1,'2017-11-30 02:45:30',2,0,2,'2017-12-01 21:45:30'),(3,'2017-11-30 05:05:30',5,1,2,'2017-11-30 13:05:30'),(1,'2017-11-30 20:15:30',0,0,0,'2017-12-02 03:15:30'),(3,'2017-11-30 21:35:30',5,0,1,'2017-12-02 17:35:30'),(2,'2017-12-01 05:05:30',0,2,0,'2017-12-01 08:05:30'),(3,'2017-12-01 08:25:30',0,2,1,'2017-12-02 10:25:30'),(2,'2017-12-02 00:35:30',3,0,2,'2017-12-02 15:35:30'),(1,'2017-12-02 04:05:30',1,2,2,'2017-12-02 16:05:30'),(1,'2017-12-02 05:25:30',3,2,0,'2017-12-03 09:25:30'),(3,'2017-12-02 13:55:30',2,1,0,'2017-12-04 00:55:30'),(2,'2017-12-02 15:35:30',1,2,1,'2017-12-04 08:35:30'),(1,'2017-12-02 22:15:30',2,0,2,'2017-12-04 21:15:30'),(1,'2017-12-03 09:55:30',0,0,0,'2017-12-04 23:55:30'),(3,'2017-12-03 16:45:30',7,2,1,'2017-12-05 08:45:30'),(2,'2017-12-04 09:05:30',0,1,0,'2017-12-04 20:05:30'),(2,'2017-12-04 18:55:30',1,0,0,'2017-12-05 10:55:30'),(1,'2017-12-05 07:15:30',2,0,1,'2017-12-05 13:15:30'),(3,'2017-12-05 09:35:30',2,1,1,'2017-12-05 17:35:30'),(2,'2017-12-05 11:35:30',1,2,2,'2017-12-05 16:35:30'),(1,'2017-12-05 16:55:30',0,2,1,'2017-12-06 06:55:30'),(2,'2017-12-05 19:15:30',0,2,1,'2017-12-07 18:15:30'),(1,'2017-12-06 05:25:30',2,2,1,'2017-12-08 05:25:30'),(3,'2017-12-06 06:25:30',2,1,2,'2017-12-08 00:25:30'),(3,'2017-12-06 12:05:30',1,0,1,'2017-12-06 13:05:30'),(3,'2017-12-06 14:35:30',7,1,0,'2017-12-08 02:35:30'),(2,'2017-12-07 10:25:30',3,2,1,'2017-12-08 16:25:30'),(1,'2017-12-08 05:15:30',1,2,2,'2017-12-08 22:15:30'),(1,'2017-12-08 05:35:30',3,0,2,'2017-12-09 14:35:30'),(2,'2017-12-08 14:35:30',1,2,0,'2017-12-10 03:35:30'),(3,'2017-12-08 18:45:30',6,1,2,'2017-12-10 18:45:30'),(3,'2017-12-08 19:15:30',1,0,0,'2017-12-10 04:15:30'),(1,'2017-12-09 10:45:30',1,2,0,'2017-12-11 04:45:30'),(2,'2017-12-10 07:45:30',3,0,0,'2017-12-12 02:45:30'),(3,'2017-12-10 15:35:30',1,0,0,'2017-12-10 18:35:30'),(3,'2017-12-10 20:45:30',0,1,1,'2017-12-11 08:45:30'),(2,'2017-12-10 22:05:30',0,1,0,'2017-12-12 19:05:30'),(1,'2017-12-11 11:05:30',2,2,1,'2017-12-12 23:05:30'),(3,'2017-12-11 13:35:30',5,1,0,'2017-12-13 09:35:30'),(3,'2017-12-12 06:35:30',4,2,0,'2017-12-13 14:35:30'),(2,'2017-12-12 14:05:30',2,0,0,'2017-12-13 11:05:30'),(1,'2017-12-13 01:35:30',1,1,0,'2017-12-14 06:35:30'),(1,'2017-12-13 12:55:30',1,0,1,'2017-12-14 23:55:30'),(3,'2017-12-13 17:15:30',6,1,0,'2017-12-15 08:15:30'),(2,'2017-12-13 21:35:30',2,1,1,'2017-12-15 13:35:30'),(3,'2017-12-14 07:25:30',3,1,1,'2017-12-15 19:25:30'),(2,'2017-12-14 13:35:30',3,1,0,'2017-12-15 16:35:30'),(1,'2017-12-15 03:35:30',2,1,2,'2017-12-15 20:35:30'),(1,'2017-12-15 11:05:30',0,0,1,'2017-12-15 16:05:30'),(2,'2017-12-15 19:35:30',0,1,1,'2017-12-17 11:35:30'),(1,'2017-12-16 00:45:30',3,0,0,'2017-12-17 19:45:30'),(1,'2017-12-16 05:05:30',1,1,2,'2017-12-17 09:05:30'),(3,'2017-12-16 23:35:30',4,2,1,'2017-12-18 18:35:30'),(3,'2017-12-17 10:35:30',7,1,0,'2017-12-17 19:35:30'),(2,'2017-12-17 13:15:30',0,2,2,'2017-12-18 05:15:30'),(3,'2017-12-17 19:45:30',6,1,0,'2017-12-19 04:45:30'),(2,'2017-12-17 23:05:30',0,2,1,'2017-12-19 21:05:30'),(1,'2017-12-18 20:55:30',0,1,0,'2017-12-20 06:55:30'),(2,'2017-12-18 21:35:30',2,1,1,'2017-12-20 05:35:30'),(3,'2017-12-19 16:45:30',1,0,2,'2017-12-20 03:45:30'),(3,'2017-12-20 05:25:30',1,2,2,'2017-12-22 02:25:30'),(1,'2017-12-20 07:05:30',2,1,0,'2017-12-20 11:05:30'),(2,'2017-12-20 18:55:30',0,0,2,'2017-12-21 07:55:30'),(3,'2017-12-20 19:35:30',5,2,1,'2017-12-22 04:35:30'),(1,'2017-12-21 07:15:30',2,2,2,'2017-12-22 05:15:30'),(2,'2017-12-21 08:15:30',3,1,1,'2017-12-22 18:15:30'),(1,'2017-12-21 16:35:30',0,2,2,'2017-12-21 17:35:30'),(2,'2017-12-22 00:35:30',3,2,0,'2017-12-23 09:35:30'),(1,'2017-12-22 07:55:30',1,1,1,'2017-12-24 01:55:30'),(1,'2017-12-22 11:15:30',1,1,0,'2017-12-23 17:15:30'),(3,'2017-12-22 17:35:30',2,0,1,'2017-12-23 12:35:30'),(3,'2017-12-23 01:35:30',0,1,1,'2017-12-25 01:35:30'),(2,'2017-12-23 10:55:30',2,1,0,'2017-12-25 10:55:30'),(3,'2017-12-23 14:05:30',1,0,1,'2017-12-24 20:05:30'),(1,'2017-12-24 03:25:30',3,2,0,'2017-12-24 19:25:30'),(2,'2017-12-24 03:45:30',0,2,0,'2017-12-25 22:45:30'),(1,'2017-12-24 12:55:30',2,0,0,'2017-12-25 10:55:30'),(1,'2017-12-25 04:05:30',2,2,1,'2017-12-25 08:05:30'),(3,'2017-12-25 06:45:30',7,2,0,'2017-12-25 13:45:30'),(1,'2017-12-25 22:45:30',3,1,1,'2017-12-27 16:45:30'),(2,'2017-12-25 22:55:30',2,1,1,'2017-12-26 22:55:30'),(3,'2017-12-26 00:25:30',6,2,1,'2017-12-26 09:25:30'),(2,'2017-12-26 08:25:30',2,2,1,'2017-12-27 08:25:30'),(1,'2017-12-26 10:35:30',2,2,0,'2017-12-27 00:35:30'),(1,'2017-12-27 04:05:30',1,2,1,'2017-12-29 03:05:30'),(3,'2017-12-27 06:45:30',1,1,2,'2017-12-29 04:45:30'),(3,'2017-12-27 10:25:30',5,0,2,'2017-12-28 11:25:30'),(2,'2017-12-27 13:55:30',1,0,2,'2017-12-28 00:55:30'),(1,'2017-12-27 19:35:30',0,2,2,'2017-12-29 15:35:30'),(2,'2017-12-28 04:35:30',3,1,1,'2017-12-28 17:35:30'),(2,'2017-12-28 06:25:30',0,1,0,'2017-12-29 02:25:30'),(3,'2017-12-29 03:25:30',3,2,1,'2017-12-30 01:25:30'),(2,'2017-12-29 03:55:30',2,1,0,'2017-12-30 23:55:30'),(2,'2017-12-29 06:35:30',3,0,1,'2017-12-31 01:35:30'),(1,'2017-12-29 17:15:30',0,0,2,'2017-12-30 04:15:30'),(3,'2017-12-29 19:55:30',3,2,0,'2017-12-29 22:55:30'),(3,'2017-12-30 04:35:30',5,0,1,'2017-12-31 21:35:30'),(1,'2017-12-30 09:45:30',2,2,0,'2017-12-30 18:45:30'),(1,'2017-12-30 20:25:30',1,2,1,'2017-12-31 01:25:30'),(2,'2017-12-31 00:25:30',0,1,0,'2017-12-31 20:25:30'),(1,'2017-12-31 06:25:30',0,2,1,'2018-01-01 05:25:30'),(1,'2017-12-31 16:05:30',3,1,2,'2018-01-01 07:05:30'),(3,'2017-12-31 22:15:30',2,2,2,'2018-01-01 15:15:30'),(2,'2017-12-31 23:15:30',3,1,2,'2018-01-02 23:15:30'),(2,'2018-01-01 09:55:30',3,1,1,'2018-01-03 08:55:30'),(1,'2018-01-01 16:35:30',3,0,0,'2018-01-02 10:35:30'),(3,'2018-01-01 20:05:30',6,0,1,'2018-01-03 00:05:30'),(3,'2018-01-02 07:35:30',2,2,0,'2018-01-02 12:35:30'),(1,'2018-01-02 09:55:30',0,2,1,'2018-01-04 07:55:30'),(1,'2018-01-03 10:25:30',3,1,2,'2018-01-05 08:25:30'),(2,'2018-01-03 16:05:30',0,2,0,'2018-01-05 04:05:30'),(3,'2018-01-03 20:15:30',0,1,1,'2018-01-05 09:15:30'),(2,'2018-01-03 22:35:30',2,2,2,'2018-01-04 20:35:30'),(3,'2018-01-03 23:55:30',4,2,2,'2018-01-04 09:55:30'),(3,'2018-01-05 15:25:30',6,2,2,'2018-01-07 00:25:30'),(1,'2018-01-05 18:15:30',2,2,2,'2018-01-07 13:15:30'),(3,'2018-01-06 02:25:30',6,2,1,'2018-01-07 02:25:30'),(1,'2018-01-06 06:25:30',2,1,1,'2018-01-06 20:25:30'),(2,'2018-01-07 01:25:30',2,1,0,'2018-01-08 22:25:30'),(1,'2018-01-07 14:45:30',2,1,2,'2018-01-09 12:45:30'),(3,'2018-01-07 17:15:30',1,1,0,'2018-01-09 00:15:30'),(1,'2018-01-08 07:05:30',2,2,1,'2018-01-09 00:05:30'),(2,'2018-01-08 08:15:30',3,2,2,'2018-01-09 08:15:30'),(3,'2018-01-09 01:55:30',7,2,0,'2018-01-10 21:55:30'),(1,'2018-01-09 01:55:30',0,0,2,'2018-01-10 01:55:30'),(3,'2018-01-09 02:15:30',4,1,2,'2018-01-10 14:15:30'),(2,'2018-01-09 21:45:30',1,2,1,'2018-01-10 14:45:30'),(2,'2018-01-10 05:45:30',1,1,2,'2018-01-10 15:45:30'),(1,'2018-01-10 16:35:30',0,1,1,'2018-01-12 13:35:30'),(3,'2018-01-10 20:35:30',4,2,0,'2018-01-12 10:35:30'),(2,'2018-01-10 22:25:30',0,0,1,'2018-01-12 21:25:30'),(1,'2018-01-11 18:55:30',3,2,2,'2018-01-12 18:55:30'),(2,'2018-01-12 03:25:30',2,2,2,'2018-01-12 19:25:30'),(1,'2018-01-12 20:15:30',2,0,0,'2018-01-14 10:15:30'),(3,'2018-01-13 02:05:30',1,2,0,'2018-01-14 09:05:30'),(1,'2018-01-13 05:45:30',0,1,1,'2018-01-13 07:45:30'),(2,'2018-01-13 05:55:30',3,2,0,'2018-01-14 16:55:30'),(2,'2018-01-13 07:25:30',1,0,1,'2018-01-13 18:25:30'),(1,'2018-01-13 12:45:30',0,0,1,'2018-01-15 10:45:30'),(3,'2018-01-13 13:25:30',5,0,0,'2018-01-14 01:25:30'),(2,'2018-01-13 20:55:30',2,1,2,'2018-01-15 03:55:30'),(3,'2018-01-14 06:05:30',3,0,2,'2018-01-16 04:05:30'),(1,'2018-01-14 21:05:30',1,1,0,'2018-01-16 21:05:30'),(2,'2018-01-15 00:25:30',1,1,2,'2018-01-15 04:25:30'),(3,'2018-01-15 12:55:30',6,1,0,'2018-01-15 22:55:30'),(2,'2018-01-15 19:25:30',2,0,0,'2018-01-16 08:25:30'),(2,'2018-01-16 00:05:30',0,1,0,'2018-01-16 20:05:30'),(3,'2018-01-16 03:15:30',1,2,1,'2018-01-17 16:15:30'),(1,'2018-01-16 12:35:30',0,1,2,'2018-01-17 16:35:30'),(2,'2018-01-16 23:55:30',0,1,2,'2018-01-18 02:55:30'),(3,'2018-01-17 04:25:30',1,1,0,'2018-01-18 22:25:30'),(1,'2018-01-18 01:05:30',0,2,0,'2018-01-18 17:05:30'),(1,'2018-01-18 05:05:30',1,0,1,'2018-01-19 18:05:30'),(3,'2018-01-18 13:55:30',1,2,1,'2018-01-18 15:55:30'),(2,'2018-01-18 15:45:30',0,2,2,'2018-01-20 04:45:30'),(2,'2018-01-18 23:35:30',1,2,0,'2018-01-19 12:35:30'),(3,'2018-01-18 23:55:30',7,0,2,'2018-01-19 14:55:30'),(1,'2018-01-19 02:15:30',3,2,1,'2018-01-20 07:15:30'),(3,'2018-01-19 05:05:30',2,0,0,'2018-01-20 08:05:30'),(2,'2018-01-19 17:35:30',2,0,1,'2018-01-21 02:35:30'),(1,'2018-01-20 03:25:30',1,1,2,'2018-01-21 09:25:30'),(3,'2018-01-20 05:55:30',3,1,1,'2018-01-20 13:55:30'),(2,'2018-01-20 06:45:30',1,2,2,'2018-01-20 19:45:30'),(3,'2018-01-20 09:05:30',3,0,2,'2018-01-20 20:05:30'),(1,'2018-01-20 11:25:30',3,1,0,'2018-01-21 02:25:30'),(3,'2018-01-21 00:05:30',1,1,2,'2018-01-22 08:05:30'),(1,'2018-01-21 07:05:30',1,1,1,'2018-01-21 09:05:30'),(2,'2018-01-21 09:55:30',0,1,1,'2018-01-22 14:55:30'),(1,'2018-01-21 13:35:30',1,2,1,'2018-01-23 04:35:30'),(3,'2018-01-22 00:45:30',0,2,0,'2018-01-23 00:45:30'),(2,'2018-01-22 22:55:30',3,0,1,'2018-01-23 08:55:30'),(3,'2018-01-23 03:35:30',1,0,2,'2018-01-24 04:35:30'),(1,'2018-01-23 05:05:30',3,1,2,'2018-01-23 20:05:30'),(3,'2018-01-23 14:25:30',0,0,1,'2018-01-25 01:25:30'),(1,'2018-01-23 16:25:30',2,0,1,'2018-01-24 00:25:30'),(2,'2018-01-23 21:15:30',1,2,2,'2018-01-25 03:15:30'),(1,'2018-01-23 23:25:30',0,1,2,'2018-01-25 13:25:30'),(2,'2018-01-24 18:55:30',2,0,1,'2018-01-25 18:55:30'),(2,'2018-01-25 06:55:30',2,0,0,'2018-01-27 05:55:30'),(3,'2018-01-25 12:45:30',7,0,2,'2018-01-25 22:45:30'),(1,'2018-01-25 17:25:30',3,2,1,'2018-01-26 14:25:30'),(3,'2018-01-25 20:35:30',7,1,1,'2018-01-26 09:35:30'),(2,'2018-01-26 02:45:30',0,2,1,'2018-01-27 13:45:30'),(1,'2018-01-26 07:25:30',0,0,1,'2018-01-28 04:25:30'),(3,'2018-01-26 10:45:30',4,2,1,'2018-01-26 20:45:30'),(1,'2018-01-26 22:05:30',0,0,2,'2018-01-27 09:05:30'),(3,'2018-01-27 10:35:30',2,2,1,'2018-01-28 12:35:30'),(3,'2018-01-27 18:15:30',0,0,0,'2018-01-28 10:15:30'),(1,'2018-01-27 19:55:30',0,2,0,'2018-01-27 20:55:30'),(2,'2018-01-28 01:45:30',0,0,0,'2018-01-29 16:45:30'),(1,'2018-01-28 08:35:30',0,1,2,'2018-01-29 09:35:30'),(1,'2018-01-28 12:05:30',3,1,2,'2018-01-28 15:05:30'),(3,'2018-01-28 13:05:30',2,1,0,'2018-01-29 18:05:30'),(3,'2018-01-29 06:05:30',7,0,2,'2018-01-29 20:05:30'),(1,'2018-01-29 11:45:30',3,0,2,'2018-01-31 09:45:30'),(1,'2018-01-29 14:35:30',0,1,0,'2018-01-31 14:35:30'),(2,'2018-01-30 11:55:30',3,0,1,'2018-01-30 15:55:30'),(2,'2018-01-30 19:25:30',3,2,1,'2018-01-31 19:25:30'),(3,'2018-01-30 19:25:30',7,0,0,'2018-01-31 17:25:30'),(2,'2018-01-30 21:25:30',1,2,2,'2018-02-01 04:25:30'),(1,'2018-01-31 14:35:30',2,2,0,'2018-02-01 02:35:30'),(3,'2018-01-31 17:35:30',7,2,2,'2018-02-01 15:35:30'),(2,'2018-02-01 10:45:30',2,2,0,'2018-02-02 17:45:30'),(1,'2018-02-01 14:55:30',0,2,1,'2018-02-02 22:55:30'),(3,'2018-02-01 19:55:30',5,1,1,'2018-02-03 18:55:30'),(1,'2018-02-01 20:15:30',1,2,1,'2018-02-02 06:15:30'),(3,'2018-02-02 03:45:30',6,1,1,'2018-02-02 19:45:30'),(2,'2018-02-02 18:15:30',0,0,1,'2018-02-04 18:15:30'),(1,'2018-02-02 19:35:30',1,0,1,'2018-02-03 14:35:30'),(1,'2018-02-02 23:45:30',2,2,1,'2018-02-03 06:45:30'),(3,'2018-02-03 03:05:30',7,0,0,'2018-02-05 01:05:30'),(1,'2018-02-04 01:45:30',0,1,1,'2018-02-04 07:45:30'),(2,'2018-02-04 03:55:30',2,1,0,'2018-02-05 12:55:30'),(3,'2018-02-04 05:05:30',3,1,0,'2018-02-04 23:05:30'),(1,'2018-02-04 18:45:30',1,2,2,'2018-02-05 09:45:30'),(1,'2018-02-04 21:25:30',3,0,2,'2018-02-05 03:25:30'),(3,'2018-02-05 07:45:30',5,2,1,'2018-02-06 03:45:30'),(3,'2018-02-05 13:05:30',6,0,2,'2018-02-05 22:05:30'),(1,'2018-02-06 03:45:30',1,0,1,'2018-02-06 12:45:30'),(3,'2018-02-06 07:25:30',1,0,0,NULL),(2,'2018-02-06 10:25:30',2,1,1,NULL),(3,'2018-02-06 12:05:30',5,2,1,NULL),(1,'2018-02-06 18:15:30',0,1,0,NULL),(2,'2018-02-06 20:25:30',0,2,0,'2018-02-07 04:25:30');
/*!40000 ALTER TABLE `disabled_slots_table` ENABLE KEYS */;
UNLOCK TABLES;

--
-- Table structure for table `employee`
--

DROP TABLE IF EXISTS `employee`;
/*!40101 SET @saved_cs_client     = @@character_set_client */;
/*!40101 SET character_set_client = utf8 */;
CREATE TABLE `employee` (
  `id` int(10) NOT NULL,
  `username` varchar(45) CHARACTER SET latin1 NOT NULL,
  `password` varchar(45) CHARACTER SET latin1 NOT NULL,
  `dept_type` varchar(45) CHARACTER SET latin1 DEFAULT NULL,
  `lot_id` int(10) DEFAULT NULL,
  `permissions` varchar(30) CHARACTER SET latin1 DEFAULT NULL,
  PRIMARY KEY (`id`),
  UNIQUE KEY `username_UNIQUE` (`username`)
) ENGINE=MEMORY DEFAULT CHARSET=utf8mb4 COLLATE=utf8mb4_unicode_ci;
/*!40101 SET character_set_client = @saved_cs_client */;

--
-- Dumping data for table `employee`
--

LOCK TABLES `employee` WRITE;
/*!40000 ALTER TABLE `employee` DISABLE KEYS */;
/*!40000 ALTER TABLE `employee` ENABLE KEYS */;
UNLOCK TABLES;

--
-- Table structure for table `monthly_report`
--

DROP TABLE IF EXISTS `monthly_report`;
/*!40101 SET @saved_cs_client     = @@character_set_client */;
/*!40101 SET character_set_client = utf8 */;
CREATE TABLE `monthly_report` (
  `year` int(11) NOT NULL,
  `month` int(11) NOT NULL,
  `lot_id` int(11) NOT NULL,
  `ordered_reserved` int(11) DEFAULT '0',
  `ordered_incidental` int(11) DEFAULT '0',
  `ordered_regular` int(11) DEFAULT '0',
  `ordered_full` int(11) DEFAULT '0',
  `complaints_count` int(11) DEFAULT '0',
  `complaints_closed_count` int(11) DEFAULT '0',
  `complaints_refunded_count` int(11) DEFAULT '0',
  `disabled_slots` int(11) DEFAULT '0',
  PRIMARY KEY (`year`,`month`,`lot_id`)
) ENGINE=MEMORY DEFAULT CHARSET=utf8;
/*!40101 SET character_set_client = @saved_cs_client */;

--
-- Dumping data for table `monthly_report`
--

LOCK TABLES `monthly_report` WRITE;
/*!40000 ALTER TABLE `monthly_report` DISABLE KEYS */;
INSERT INTO `monthly_report` VALUES (2017,11,2,30,24,3,6,4,4,1,0),(2017,11,1,23,32,5,2,10,10,9,0),(2017,11,3,25,19,3,2,7,7,5,0),(2017,12,3,35,38,4,2,16,16,8,0),(2017,12,1,36,32,2,9,13,13,5,0),(2017,12,2,27,26,1,0,10,10,4,0),(2018,1,1,36,33,2,2,5,5,4,0),(2018,1,2,24,26,4,5,8,8,3,0),(2018,1,3,32,30,2,2,13,13,6,0),(2018,2,1,12,7,0,0,2,2,2,0),(2018,2,2,5,5,0,1,3,3,3,0),(2018,2,3,2,1,0,1,0,0,0,0);
/*!40000 ALTER TABLE `monthly_report` ENABLE KEYS */;
UNLOCK TABLES;

--
-- Table structure for table `onetime_service`
--

DROP TABLE IF EXISTS `onetime_service`;
/*!40101 SET @saved_cs_client     = @@character_set_client */;
/*!40101 SET character_set_client = utf8 */;
CREATE TABLE `onetime_service` (
  `id` int(10) NOT NULL AUTO_INCREMENT,
  `parking_type` int(10) NOT NULL,
  `customer_id` int(10) NOT NULL,
  `email` varchar(255) COLLATE utf8mb4_unicode_ci NOT NULL,
  `car_id` varchar(16) COLLATE utf8mb4_unicode_ci NOT NULL,
  `lot_id` int(10) NOT NULL,
  `planned_start_time` datetime NOT NULL,
  `planned_end_time` datetime NOT NULL,
  `parked` bit(1) NOT NULL DEFAULT b'0',
  `completed` bit(1) NOT NULL DEFAULT b'0',
  `canceled` bit(1) NOT NULL DEFAULT b'0',
  `warned` bit(1) NOT NULL DEFAULT b'0',
  PRIMARY KEY (`id`)
) ENGINE=MEMORY AUTO_INCREMENT=561 DEFAULT CHARSET=utf8mb4 COLLATE=utf8mb4_unicode_ci;
/*!40101 SET character_set_client = @saved_cs_client */;

--
-- Dumping data for table `onetime_service`
--

LOCK TABLES `onetime_service` WRITE;
/*!40000 ALTER TABLE `onetime_service` DISABLE KEYS */;
INSERT INTO `onetime_service` VALUES (1,2,2,'user2@ugjga.com','CAR-0002',1,'2017-11-10 03:05:30','2017-11-10 10:05:30','\0','','\0','\0'),(2,2,4,'user4@jfgra.com','CAR-0004',3,'2017-11-11 12:05:30','2017-11-11 15:05:30','\0','','\0','\0'),(3,2,5,'user5@lsgul.com','CAR-0005',2,'2017-11-09 14:15:30','2017-11-09 22:15:30','\0','','\0','\0'),(4,2,6,'user6@nfura.com','CAR-0006',2,'2017-11-11 12:55:30','2017-11-11 22:55:30','\0','','\0','\0'),(5,2,7,'user7@flgjr.com','CAR-0007',1,'2017-11-09 17:55:30','2017-11-09 23:55:30','\0','','\0','\0'),(6,2,8,'user8@ugugf.com','CAR-0008',2,'2017-11-10 07:05:30','2017-11-10 15:05:30','\0','','\0','\0'),(7,1,10,'user10@lfnjj.com','CAR-0010',1,'2017-11-07 23:05:30','2017-11-08 06:05:30','\0','','\0','\0'),(8,2,1,'user1@sjfrn.com','CAR-0001',1,'2017-11-09 20:35:30','2017-11-10 05:35:30','\0','','\0','\0'),(9,1,9,'user9@gjlls.com','CAR-0009',1,'2017-11-08 19:05:30','2017-11-08 21:05:30','\0','','\0','\0'),(10,1,9,'user9@gjlls.com','CAR-0009',2,'2017-11-08 22:35:30','2017-11-09 06:35:30','\0','','\0','\0'),(11,2,10,'user10@lfnjj.com','CAR-0010',2,'2017-11-11 23:15:30','2017-11-12 08:15:30','\0','','\0','\0'),(12,2,9,'user9@gjlls.com','CAR-0009',3,'2017-11-13 12:55:30','2017-11-13 22:55:30','\0','\0','',''),(13,2,1,'user1@sjfrn.com','CAR-0001',2,'2017-11-13 11:35:30','2017-11-13 20:35:30','\0','','\0','\0'),(14,2,5,'user5@lsgul.com','CAR-0005',1,'2017-11-13 12:25:30','2017-11-13 18:25:30','\0','','\0','\0'),(15,2,7,'user7@flgjr.com','CAR-0007',3,'2017-11-13 12:35:30','2017-11-13 13:35:30','\0','','\0','\0'),(16,1,2,'user2@ugjga.com','CAR-0002',1,'2017-11-10 21:35:30','2017-11-10 23:35:30','\0','','\0','\0'),(17,2,3,'user3@uuusr.com','CAR-0003',2,'2017-11-12 05:45:30','2017-11-12 12:45:30','\0','','\0','\0'),(18,1,2,'user2@ugjga.com','CAR-0002',1,'2017-11-11 04:55:30','2017-11-11 06:55:30','\0','','\0','\0'),(19,1,8,'user8@ugugf.com','CAR-0008',1,'2017-11-11 06:25:30','2017-11-11 12:25:30','\0','','\0','\0'),(20,1,2,'user2@ugjga.com','CAR-0002',1,'2017-11-11 07:55:30','2017-11-11 14:55:30','\0','','\0','\0'),(21,2,8,'user8@ugugf.com','CAR-0008',3,'2017-11-15 07:35:30','2017-11-15 16:35:30','\0','','\0','\0'),(22,1,2,'user2@ugjga.com','CAR-0002',1,'2017-11-11 15:15:30','2017-11-11 21:15:30','\0','','\0','\0'),(23,1,2,'user2@ugjga.com','CAR-0002',1,'2017-11-12 00:55:30','2017-11-12 10:55:30','\0','','\0','\0'),(24,1,6,'user6@nfura.com','CAR-0006',3,'2017-11-12 02:25:30','2017-11-12 06:25:30','\0','','\0','\0'),(25,2,3,'user3@uuusr.com','CAR-0003',2,'2017-11-13 04:05:30','2017-11-13 11:05:30','\0','','\0','\0'),(26,2,4,'user4@jfgra.com','CAR-0004',1,'2017-11-14 20:55:30','2017-11-15 06:55:30','\0','','\0','\0'),(27,1,2,'user2@ugjga.com','CAR-0002',2,'2017-11-12 21:55:30','2017-11-12 23:55:30','\0','','\0','\0'),(28,2,2,'user2@ugjga.com','CAR-0002',3,'2017-11-15 20:45:30','2017-11-16 05:45:30','\0','\0','',''),(29,2,10,'user10@lfnjj.com','CAR-0010',1,'2017-11-14 14:55:30','2017-11-14 15:55:30','\0','','\0','\0'),(30,2,3,'user3@uuusr.com','CAR-0003',3,'2017-11-15 12:45:30','2017-11-15 16:45:30','\0','','\0','\0'),(31,2,7,'user7@flgjr.com','CAR-0007',3,'2017-11-14 07:15:30','2017-11-14 15:15:30','\0','','\0','\0'),(32,2,5,'user5@lsgul.com','CAR-0005',1,'2017-11-13 19:55:30','2017-11-13 20:55:30','\0','','\0','\0'),(33,1,6,'user6@nfura.com','CAR-0006',3,'2017-11-13 22:25:30','2017-11-14 03:25:30','\0','','\0','\0'),(34,1,1,'user1@sjfrn.com','CAR-0001',2,'2017-11-13 23:15:30','2017-11-14 01:15:30','\0','','\0','\0'),(35,1,5,'user5@lsgul.com','CAR-0005',1,'2017-11-14 00:35:30','2017-11-14 05:35:30','\0','','\0','\0'),(36,1,1,'user1@sjfrn.com','CAR-0001',2,'2017-11-14 01:55:30','2017-11-14 09:55:30','\0','','\0','\0'),(37,2,6,'user6@nfura.com','CAR-0006',3,'2017-11-15 15:45:30','2017-11-15 18:45:30','\0','','\0','\0'),(38,2,1,'user1@sjfrn.com','CAR-0001',1,'2017-11-15 13:45:30','2017-11-15 22:45:30','\0','\0','',''),(39,1,5,'user5@lsgul.com','CAR-0005',2,'2017-11-14 22:45:30','2017-11-14 23:45:30','\0','','\0','\0'),(40,2,7,'user7@flgjr.com','CAR-0007',2,'2017-11-15 03:55:30','2017-11-15 04:55:30','\0','','\0','\0'),(41,1,10,'user10@lfnjj.com','CAR-0010',2,'2017-11-15 01:15:30','2017-11-15 05:15:30','\0','','\0','\0'),(42,1,4,'user4@jfgra.com','CAR-0004',2,'2017-11-15 08:05:30','2017-11-15 11:05:30','\0','','\0','\0'),(43,1,8,'user8@ugugf.com','CAR-0008',1,'2017-11-15 09:05:30','2017-11-15 18:05:30','\0','','\0','\0'),(44,1,10,'user10@lfnjj.com','CAR-0010',2,'2017-11-15 09:45:30','2017-11-15 11:45:30','\0','','\0','\0'),(45,1,9,'user9@gjlls.com','CAR-0009',1,'2017-11-15 12:05:30','2017-11-15 22:05:30','\0','','\0','\0'),(46,2,10,'user10@lfnjj.com','CAR-0010',2,'2017-11-15 23:55:30','2017-11-16 08:55:30','\0','\0','',''),(47,1,4,'user4@jfgra.com','CAR-0004',1,'2017-11-15 14:05:30','2017-11-15 16:05:30','\0','','\0','\0'),(48,1,1,'user1@sjfrn.com','CAR-0001',2,'2017-11-15 17:35:30','2017-11-15 20:35:30','\0','','\0','\0'),(49,2,3,'user3@uuusr.com','CAR-0003',2,'2017-11-18 15:35:30','2017-11-18 18:35:30','\0','','\0','\0'),(50,2,8,'user8@ugugf.com','CAR-0008',2,'2017-11-16 17:45:30','2017-11-16 20:45:30','\0','\0','',''),(51,1,7,'user7@flgjr.com','CAR-0007',2,'2017-11-15 20:45:30','2017-11-16 06:45:30','\0','','\0','\0'),(52,2,1,'user1@sjfrn.com','CAR-0001',1,'2017-11-17 17:35:30','2017-11-17 22:35:30','\0','','\0','\0'),(53,2,9,'user9@gjlls.com','CAR-0009',2,'2017-11-18 23:35:30','2017-11-19 05:35:30','\0','','\0','\0'),(54,2,4,'user4@jfgra.com','CAR-0004',3,'2017-11-16 17:45:30','2017-11-17 03:45:30','\0','\0','',''),(55,1,6,'user6@nfura.com','CAR-0006',2,'2017-11-16 06:25:30','2017-11-16 16:25:30','\0','','\0','\0'),(56,2,5,'user5@lsgul.com','CAR-0005',3,'2017-11-20 09:15:30','2017-11-20 15:15:30','\0','\0','',''),(57,2,2,'user2@ugjga.com','CAR-0002',3,'2017-11-20 01:05:30','2017-11-20 06:05:30','\0','','\0','\0'),(58,2,7,'user7@flgjr.com','CAR-0007',3,'2017-11-17 22:05:30','2017-11-18 00:05:30','\0','\0','',''),(59,2,10,'user10@lfnjj.com','CAR-0010',2,'2017-11-19 05:55:30','2017-11-19 07:55:30','\0','','\0','\0'),(60,1,6,'user6@nfura.com','CAR-0006',3,'2017-11-16 18:25:30','2017-11-17 01:25:30','\0','','\0','\0'),(61,1,8,'user8@ugugf.com','CAR-0008',3,'2017-11-17 00:55:30','2017-11-17 04:55:30','\0','','\0','\0'),(62,1,6,'user6@nfura.com','CAR-0006',1,'2017-11-17 01:45:30','2017-11-17 11:45:30','\0','','\0','\0'),(63,2,4,'user4@jfgra.com','CAR-0004',1,'2017-11-17 17:25:30','2017-11-18 00:25:30','\0','\0','',''),(64,2,8,'user8@ugugf.com','CAR-0008',3,'2017-11-20 08:25:30','2017-11-20 13:25:30','\0','\0','',''),(65,1,6,'user6@nfura.com','CAR-0006',3,'2017-11-17 22:25:30','2017-11-18 08:25:30','\0','','\0','\0'),(66,1,4,'user4@jfgra.com','CAR-0004',2,'2017-11-17 23:15:30','2017-11-18 04:15:30','\0','','\0','\0'),(67,1,1,'user1@sjfrn.com','CAR-0001',2,'2017-11-18 02:45:30','2017-11-18 08:45:30','\0','','\0','\0'),(68,1,4,'user4@jfgra.com','CAR-0004',1,'2017-11-18 06:35:30','2017-11-18 15:35:30','\0','','\0','\0'),(69,1,6,'user6@nfura.com','CAR-0006',2,'2017-11-18 09:25:30','2017-11-18 11:25:30','\0','','\0','\0'),(70,2,7,'user7@flgjr.com','CAR-0007',2,'2017-11-20 19:55:30','2017-11-20 22:55:30','\0','','\0','\0'),(71,1,1,'user1@sjfrn.com','CAR-0001',1,'2017-11-18 16:35:30','2017-11-18 17:35:30','\0','','\0','\0'),(72,2,6,'user6@nfura.com','CAR-0006',2,'2017-11-22 15:25:30','2017-11-22 16:25:30','\0','\0','',''),(73,2,3,'user3@uuusr.com','CAR-0003',2,'2017-11-19 21:15:30','2017-11-20 05:15:30','\0','\0','',''),(74,1,1,'user1@sjfrn.com','CAR-0001',1,'2017-11-18 22:55:30','2017-11-19 07:55:30','\0','','\0','\0'),(75,1,1,'user1@sjfrn.com','CAR-0001',2,'2017-11-19 04:05:30','2017-11-19 14:05:30','\0','','\0','\0'),(76,1,4,'user4@jfgra.com','CAR-0004',3,'2017-11-19 09:25:30','2017-11-19 10:25:30','\0','','\0','\0'),(77,1,4,'user4@jfgra.com','CAR-0004',2,'2017-11-19 13:25:30','2017-11-19 21:25:30','\0','','\0','\0'),(78,1,1,'user1@sjfrn.com','CAR-0001',1,'2017-11-19 21:35:30','2017-11-20 01:35:30','\0','','\0','\0'),(79,2,4,'user4@jfgra.com','CAR-0004',1,'2017-11-20 12:25:30','2017-11-20 22:25:30','\0','\0','',''),(80,1,9,'user9@gjlls.com','CAR-0009',3,'2017-11-20 01:05:30','2017-11-20 11:05:30','\0','','\0','\0'),(81,1,1,'user1@sjfrn.com','CAR-0001',3,'2017-11-20 02:15:30','2017-11-20 06:15:30','\0','','\0','\0'),(82,2,10,'user10@lfnjj.com','CAR-0010',2,'2017-11-23 08:15:30','2017-11-23 11:15:30','\0','','\0','\0'),(83,2,3,'user3@uuusr.com','CAR-0003',1,'2017-11-23 19:15:30','2017-11-24 04:15:30','\0','','\0','\0'),(84,1,2,'user2@ugjga.com','CAR-0002',3,'2017-11-20 10:05:30','2017-11-20 12:05:30','\0','','\0','\0'),(85,1,1,'user1@sjfrn.com','CAR-0001',1,'2017-11-20 10:55:30','2017-11-20 14:55:30','\0','','\0','\0'),(86,2,2,'user2@ugjga.com','CAR-0002',3,'2017-11-22 15:35:30','2017-11-22 18:35:30','\0','\0','',''),(87,2,8,'user8@ugugf.com','CAR-0008',2,'2017-11-23 03:55:30','2017-11-23 10:55:30','\0','','\0','\0'),(88,1,9,'user9@gjlls.com','CAR-0009',3,'2017-11-20 20:05:30','2017-11-21 00:05:30','\0','','\0','\0'),(89,2,4,'user4@jfgra.com','CAR-0004',3,'2017-11-21 17:35:30','2017-11-21 20:35:30','\0','\0','',''),(90,2,1,'user1@sjfrn.com','CAR-0001',2,'2017-11-22 22:25:30','2017-11-23 00:25:30','\0','\0','',''),(91,2,7,'user7@flgjr.com','CAR-0007',2,'2017-11-21 14:35:30','2017-11-21 17:35:30','\0','\0','',''),(92,2,9,'user9@gjlls.com','CAR-0009',3,'2017-11-21 15:25:30','2017-11-22 00:25:30','\0','','\0','\0'),(93,1,5,'user5@lsgul.com','CAR-0005',1,'2017-11-21 19:35:30','2017-11-21 23:35:30','\0','','\0','\0'),(94,2,5,'user5@lsgul.com','CAR-0005',2,'2017-11-24 03:05:30','2017-11-24 07:05:30','\0','\0','',''),(95,2,7,'user7@flgjr.com','CAR-0007',3,'2017-11-25 05:55:30','2017-11-25 12:55:30','\0','\0','',''),(96,2,4,'user4@jfgra.com','CAR-0004',1,'2017-11-23 18:35:30','2017-11-23 21:35:30','\0','','\0','\0'),(97,1,9,'user9@gjlls.com','CAR-0009',3,'2017-11-22 02:45:30','2017-11-22 09:45:30','\0','','\0','\0'),(98,1,9,'user9@gjlls.com','CAR-0009',2,'2017-11-22 17:55:30','2017-11-22 18:55:30','\0','','\0','\0'),(99,2,9,'user9@gjlls.com','CAR-0009',3,'2017-11-24 04:15:30','2017-11-24 08:15:30','\0','','\0','\0'),(100,1,2,'user2@ugjga.com','CAR-0002',1,'2017-11-22 21:45:30','2017-11-23 00:45:30','\0','','\0','\0'),(101,2,1,'user1@sjfrn.com','CAR-0001',1,'2017-11-27 01:25:30','2017-11-27 07:25:30','\0','\0','',''),(102,1,2,'user2@ugjga.com','CAR-0002',2,'2017-11-23 06:05:30','2017-11-23 07:05:30','\0','','\0','\0'),(103,1,2,'user2@ugjga.com','CAR-0002',1,'2017-11-23 09:35:30','2017-11-23 17:35:30','\0','','\0','\0'),(104,1,2,'user2@ugjga.com','CAR-0002',1,'2017-11-23 17:15:30','2017-11-23 18:15:30','\0','','\0','\0'),(105,1,2,'user2@ugjga.com','CAR-0002',1,'2017-11-23 19:55:30','2017-11-24 01:55:30','\0','','\0','\0'),(106,1,8,'user8@ugugf.com','CAR-0008',3,'2017-11-23 23:55:30','2017-11-24 08:55:30','\0','','\0','\0'),(107,1,10,'user10@lfnjj.com','CAR-0010',2,'2017-11-24 00:25:30','2017-11-24 08:25:30','\0','','\0','\0'),(108,2,2,'user2@ugjga.com','CAR-0002',1,'2017-11-28 00:45:30','2017-11-28 02:45:30','\0','','\0','\0'),(109,1,9,'user9@gjlls.com','CAR-0009',3,'2017-11-24 05:05:30','2017-11-24 15:05:30','\0','','\0','\0'),(110,1,3,'user3@uuusr.com','CAR-0003',3,'2017-11-24 08:05:30','2017-11-24 18:05:30','\0','','\0','\0'),(111,2,10,'user10@lfnjj.com','CAR-0010',1,'2017-11-27 10:45:30','2017-11-27 13:45:30','\0','\0','',''),(112,1,6,'user6@nfura.com','CAR-0006',1,'2017-11-24 14:05:30','2017-11-24 20:05:30','\0','','\0','\0'),(113,1,8,'user8@ugugf.com','CAR-0008',1,'2017-11-24 18:15:30','2017-11-24 20:15:30','\0','','\0','\0'),(114,2,4,'user4@jfgra.com','CAR-0004',2,'2017-11-28 11:05:30','2017-11-28 12:05:30','\0','','\0','\0'),(115,1,3,'user3@uuusr.com','CAR-0003',1,'2017-11-24 19:45:30','2017-11-25 00:45:30','\0','','\0','\0'),(116,2,9,'user9@gjlls.com','CAR-0009',1,'2017-11-28 23:55:30','2017-11-29 04:55:30','\0','','\0','\0'),(117,1,8,'user8@ugugf.com','CAR-0008',1,'2017-11-24 21:45:30','2017-11-25 02:45:30','\0','','\0','\0'),(118,1,6,'user6@nfura.com','CAR-0006',1,'2017-11-25 01:55:30','2017-11-25 11:55:30','\0','','\0','\0'),(119,1,8,'user8@ugugf.com','CAR-0008',2,'2017-11-25 04:55:30','2017-11-25 06:55:30','\0','','\0','\0'),(120,1,5,'user5@lsgul.com','CAR-0005',3,'2017-11-25 06:15:30','2017-11-25 10:15:30','\0','','\0','\0'),(121,2,3,'user3@uuusr.com','CAR-0003',2,'2017-11-25 17:35:30','2017-11-25 19:35:30','\0','','\0','\0'),(122,2,8,'user8@ugugf.com','CAR-0008',1,'2017-11-27 13:35:30','2017-11-27 19:35:30','\0','\0','',''),(123,1,5,'user5@lsgul.com','CAR-0005',3,'2017-11-25 11:45:30','2017-11-25 20:45:30','\0','','\0','\0'),(124,1,6,'user6@nfura.com','CAR-0006',3,'2017-11-25 16:35:30','2017-11-25 23:35:30','\0','','\0','\0'),(125,1,5,'user5@lsgul.com','CAR-0005',2,'2017-11-25 22:25:30','2017-11-26 06:25:30','\0','','\0','\0'),(126,1,6,'user6@nfura.com','CAR-0006',1,'2017-11-26 00:05:30','2017-11-26 01:05:30','\0','','\0','\0'),(127,2,3,'user3@uuusr.com','CAR-0003',3,'2017-11-26 22:25:30','2017-11-27 07:25:30','\0','','\0','\0'),(128,1,6,'user6@nfura.com','CAR-0006',3,'2017-11-26 02:55:30','2017-11-26 08:55:30','\0','','\0','\0'),(129,2,6,'user6@nfura.com','CAR-0006',2,'2017-11-29 17:45:30','2017-11-29 23:45:30','\0','','\0','\0'),(130,2,5,'user5@lsgul.com','CAR-0005',3,'2017-11-28 05:25:30','2017-11-28 13:25:30','\0','\0','',''),(131,1,7,'user7@flgjr.com','CAR-0007',1,'2017-11-26 13:35:30','2017-11-26 15:35:30','\0','','\0','\0'),(132,2,7,'user7@flgjr.com','CAR-0007',2,'2017-11-29 04:05:30','2017-11-29 08:05:30','\0','','\0','\0'),(133,2,3,'user3@uuusr.com','CAR-0003',2,'2017-11-28 06:25:30','2017-11-28 10:25:30','\0','','\0','\0'),(134,2,10,'user10@lfnjj.com','CAR-0010',2,'2017-11-29 12:35:30','2017-11-29 13:35:30','\0','','\0','\0'),(135,1,8,'user8@ugugf.com','CAR-0008',3,'2017-11-27 19:05:30','2017-11-27 20:05:30','\0','','\0','\0'),(136,1,8,'user8@ugugf.com','CAR-0008',1,'2017-11-27 20:35:30','2017-11-27 22:35:30','\0','','\0','\0'),(137,2,8,'user8@ugugf.com','CAR-0008',3,'2017-11-29 18:05:30','2017-11-29 22:05:30','\0','\0','',''),(138,1,2,'user2@ugjga.com','CAR-0002',2,'2017-11-28 04:15:30','2017-11-28 14:15:30','\0','','\0','\0'),(139,2,3,'user3@uuusr.com','CAR-0003',3,'2017-12-01 06:55:30','2017-12-01 09:55:30','\0','\0','',''),(140,2,2,'user2@ugjga.com','CAR-0002',1,'2017-11-30 10:25:30','2017-11-30 17:25:30','\0','\0','',''),(141,2,5,'user5@lsgul.com','CAR-0005',1,'2017-12-02 03:45:30','2017-12-02 10:45:30','\0','','\0','\0'),(142,1,1,'user1@sjfrn.com','CAR-0001',2,'2017-11-28 22:25:30','2017-11-29 03:25:30','\0','','\0','\0'),(143,2,4,'user4@jfgra.com','CAR-0004',3,'2017-11-29 10:55:30','2017-11-29 15:55:30','\0','\0','',''),(144,2,9,'user9@gjlls.com','CAR-0009',3,'2017-12-03 04:25:30','2017-12-03 12:25:30','\0','\0','',''),(145,2,7,'user7@flgjr.com','CAR-0007',2,'2017-12-02 17:35:30','2017-12-03 02:35:30','\0','\0','',''),(146,2,1,'user1@sjfrn.com','CAR-0001',2,'2017-12-01 14:05:30','2017-12-01 20:05:30','\0','\0','',''),(147,2,10,'user10@lfnjj.com','CAR-0010',1,'2017-11-30 23:05:30','2017-12-01 00:05:30','\0','','\0','\0'),(148,2,4,'user4@jfgra.com','CAR-0004',2,'2017-12-03 11:15:30','2017-12-03 12:15:30','\0','','\0','\0'),(149,1,8,'user8@ugugf.com','CAR-0008',2,'2017-11-29 21:25:30','2017-11-30 07:25:30','\0','','\0','\0'),(150,1,6,'user6@nfura.com','CAR-0006',1,'2017-11-30 03:45:30','2017-11-30 12:45:30','\0','','\0','\0'),(151,2,8,'user8@ugugf.com','CAR-0008',3,'2017-12-02 11:45:30','2017-12-02 14:45:30','\0','','\0','\0'),(152,2,6,'user6@nfura.com','CAR-0006',1,'2017-12-04 15:45:30','2017-12-04 22:45:30','\0','\0','',''),(153,2,2,'user2@ugjga.com','CAR-0002',1,'2017-12-01 21:15:30','2017-12-01 22:15:30','\0','','\0','\0'),(154,1,10,'user10@lfnjj.com','CAR-0010',1,'2017-12-01 18:15:30','2017-12-02 03:15:30','\0','','\0','\0'),(155,2,1,'user1@sjfrn.com','CAR-0001',1,'2017-12-05 06:45:30','2017-12-05 07:45:30','\0','','\0','\0'),(156,2,2,'user2@ugjga.com','CAR-0002',1,'2017-12-04 06:35:30','2017-12-04 12:35:30','\0','','\0','\0'),(157,1,3,'user3@uuusr.com','CAR-0003',1,'2017-12-02 07:15:30','2017-12-02 09:15:30','\0','','\0','\0'),(158,1,3,'user3@uuusr.com','CAR-0003',3,'2017-12-02 09:55:30','2017-12-02 18:55:30','\0','','\0','\0'),(159,1,5,'user5@lsgul.com','CAR-0005',2,'2017-12-02 11:05:30','2017-12-02 21:05:30','\0','','\0','\0'),(160,1,10,'user10@lfnjj.com','CAR-0010',1,'2017-12-02 19:55:30','2017-12-02 22:55:30','\0','','\0','\0'),(161,2,8,'user8@ugugf.com','CAR-0008',2,'2017-12-06 16:15:30','2017-12-07 01:15:30','\0','','\0','\0'),(162,2,10,'user10@lfnjj.com','CAR-0010',1,'2017-12-04 10:15:30','2017-12-04 14:15:30','\0','','\0','\0'),(163,2,3,'user3@uuusr.com','CAR-0003',2,'2017-12-05 10:15:30','2017-12-05 11:15:30','\0','\0','',''),(164,2,5,'user5@lsgul.com','CAR-0005',2,'2017-12-07 05:25:30','2017-12-07 15:25:30','\0','','\0','\0'),(165,2,4,'user4@jfgra.com','CAR-0004',3,'2017-12-06 10:25:30','2017-12-06 16:25:30','\0','\0','',''),(166,1,7,'user7@flgjr.com','CAR-0007',1,'2017-12-04 00:15:30','2017-12-04 05:15:30','\0','','\0','\0'),(167,2,7,'user7@flgjr.com','CAR-0007',3,'2017-12-05 02:15:30','2017-12-05 05:15:30','\0','\0','',''),(168,2,10,'user10@lfnjj.com','CAR-0010',1,'2017-12-06 11:15:30','2017-12-06 21:15:30','\0','','\0','\0'),(169,1,2,'user2@ugjga.com','CAR-0002',1,'2017-12-05 07:35:30','2017-12-05 15:35:30','\0','','\0','\0'),(170,2,1,'user1@sjfrn.com','CAR-0001',3,'2017-12-06 03:15:30','2017-12-06 13:15:30','\0','','\0','\0'),(171,1,9,'user9@gjlls.com','CAR-0009',3,'2017-12-05 11:45:30','2017-12-05 16:45:30','\0','','\0','\0'),(172,2,6,'user6@nfura.com','CAR-0006',2,'2017-12-07 00:55:30','2017-12-07 04:55:30','\0','\0','',''),(173,2,2,'user2@ugjga.com','CAR-0002',1,'2017-12-08 21:45:30','2017-12-09 00:45:30','\0','\0','',''),(174,1,7,'user7@flgjr.com','CAR-0007',3,'2017-12-05 18:55:30','2017-12-06 02:55:30','\0','','\0','\0'),(175,2,9,'user9@gjlls.com','CAR-0009',3,'2017-12-07 06:45:30','2017-12-07 09:45:30','\0','\0','',''),(176,1,7,'user7@flgjr.com','CAR-0007',3,'2017-12-06 06:05:30','2017-12-06 08:05:30','\0','','\0','\0'),(177,1,7,'user7@flgjr.com','CAR-0007',3,'2017-12-06 09:15:30','2017-12-06 13:15:30','\0','','\0','\0'),(178,2,4,'user4@jfgra.com','CAR-0004',3,'2017-12-08 08:55:30','2017-12-08 17:55:30','\0','','\0','\0'),(179,2,7,'user7@flgjr.com','CAR-0007',3,'2017-12-07 09:25:30','2017-12-07 11:25:30','\0','','\0','\0'),(180,2,1,'user1@sjfrn.com','CAR-0001',3,'2017-12-09 09:35:30','2017-12-09 16:35:30','\0','','\0','\0'),(181,2,3,'user3@uuusr.com','CAR-0003',2,'2017-12-07 22:15:30','2017-12-07 23:15:30','\0','\0','',''),(182,2,10,'user10@lfnjj.com','CAR-0010',2,'2017-12-09 15:35:30','2017-12-09 16:35:30','\0','','\0','\0'),(183,1,8,'user8@ugugf.com','CAR-0008',3,'2017-12-07 11:15:30','2017-12-07 17:15:30','\0','','\0','\0'),(184,2,7,'user7@flgjr.com','CAR-0007',2,'2017-12-07 16:05:30','2017-12-07 22:05:30','\0','','\0','\0'),(185,2,5,'user5@lsgul.com','CAR-0005',3,'2017-12-11 11:25:30','2017-12-11 15:25:30','\0','','\0','\0'),(186,2,8,'user8@ugugf.com','CAR-0008',2,'2017-12-09 08:35:30','2017-12-09 09:35:30','\0','','\0','\0'),(187,1,9,'user9@gjlls.com','CAR-0009',3,'2017-12-07 17:55:30','2017-12-08 01:55:30','\0','','\0','\0'),(188,2,7,'user7@flgjr.com','CAR-0007',2,'2017-12-11 19:15:30','2017-12-12 00:15:30','\0','','\0','\0'),(189,1,6,'user6@nfura.com','CAR-0006',2,'2017-12-08 03:45:30','2017-12-08 13:45:30','\0','','\0','\0'),(190,2,9,'user9@gjlls.com','CAR-0009',1,'2017-12-10 00:25:30','2017-12-10 03:25:30','\0','','\0','\0'),(191,1,6,'user6@nfura.com','CAR-0006',3,'2017-12-08 14:25:30','2017-12-08 22:25:30','\0','','\0','\0'),(192,1,3,'user3@uuusr.com','CAR-0003',3,'2017-12-08 16:55:30','2017-12-08 22:55:30','\0','','\0','\0'),(193,1,4,'user4@jfgra.com','CAR-0004',1,'2017-12-08 19:05:30','2017-12-09 05:05:30','\0','','\0','\0'),(194,1,6,'user6@nfura.com','CAR-0006',2,'2017-12-08 23:55:30','2017-12-09 04:55:30','\0','','\0','\0'),(195,1,4,'user4@jfgra.com','CAR-0004',2,'2017-12-09 04:25:30','2017-12-09 06:25:30','\0','','\0','\0'),(196,2,6,'user6@nfura.com','CAR-0006',1,'2017-12-13 03:45:30','2017-12-13 06:45:30','\0','\0','',''),(197,2,8,'user8@ugugf.com','CAR-0008',3,'2017-12-13 06:45:30','2017-12-13 16:45:30','\0','\0','',''),(198,2,4,'user4@jfgra.com','CAR-0004',1,'2017-12-12 03:05:30','2017-12-12 05:05:30','\0','','\0','\0'),(199,2,10,'user10@lfnjj.com','CAR-0010',2,'2017-12-11 09:05:30','2017-12-11 19:05:30','\0','\0','',''),(200,2,9,'user9@gjlls.com','CAR-0009',1,'2017-12-12 07:05:30','2017-12-12 12:05:30','\0','\0','',''),(201,1,3,'user3@uuusr.com','CAR-0003',2,'2017-12-10 10:45:30','2017-12-10 11:45:30','\0','','\0','\0'),(202,1,3,'user3@uuusr.com','CAR-0003',2,'2017-12-10 13:15:30','2017-12-10 23:15:30','\0','','\0','\0'),(203,2,1,'user1@sjfrn.com','CAR-0001',3,'2017-12-11 04:45:30','2017-12-11 06:45:30','\0','','\0','\0'),(204,1,2,'user2@ugjga.com','CAR-0002',2,'2017-12-10 20:35:30','2017-12-11 06:35:30','\0','','\0','\0'),(205,1,1,'user1@sjfrn.com','CAR-0001',2,'2017-12-11 07:05:30','2017-12-11 11:05:30','\0','','\0','\0'),(206,1,2,'user2@ugjga.com','CAR-0002',3,'2017-12-11 11:15:30','2017-12-11 14:15:30','\0','','\0','\0'),(207,1,2,'user2@ugjga.com','CAR-0002',3,'2017-12-11 14:45:30','2017-12-12 00:45:30','\0','','\0','\0'),(208,2,3,'user3@uuusr.com','CAR-0003',3,'2017-12-13 04:25:30','2017-12-13 10:25:30','\0','\0','',''),(209,1,1,'user1@sjfrn.com','CAR-0001',1,'2017-12-11 19:15:30','2017-12-11 22:15:30','\0','','\0','\0'),(210,2,5,'user5@lsgul.com','CAR-0005',1,'2017-12-14 10:45:30','2017-12-14 18:45:30','\0','','\0','\0'),(211,2,1,'user1@sjfrn.com','CAR-0001',3,'2017-12-14 02:45:30','2017-12-14 07:45:30','\0','','\0','\0'),(212,1,10,'user10@lfnjj.com','CAR-0010',3,'2017-12-12 00:35:30','2017-12-12 08:35:30','\0','','\0','\0'),(213,2,7,'user7@flgjr.com','CAR-0007',1,'2017-12-12 12:35:30','2017-12-12 14:35:30','\0','','\0','\0'),(214,2,2,'user2@ugjga.com','CAR-0002',2,'2017-12-14 07:45:30','2017-12-14 12:45:30','\0','\0','',''),(215,1,10,'user10@lfnjj.com','CAR-0010',2,'2017-12-12 14:35:30','2017-12-12 20:35:30','\0','','\0','\0'),(216,1,10,'user10@lfnjj.com','CAR-0010',2,'2017-12-12 20:25:30','2017-12-13 04:25:30','\0','','\0','\0'),(217,2,7,'user7@flgjr.com','CAR-0007',1,'2017-12-13 08:45:30','2017-12-13 11:45:30','\0','\0','',''),(218,1,9,'user9@gjlls.com','CAR-0009',1,'2017-12-13 03:05:30','2017-12-13 13:05:30','\0','','\0','\0'),(219,1,10,'user10@lfnjj.com','CAR-0010',1,'2017-12-13 05:55:30','2017-12-13 15:55:30','\0','','\0','\0'),(220,1,7,'user7@flgjr.com','CAR-0007',1,'2017-12-13 12:35:30','2017-12-13 13:35:30','\0','','\0','\0'),(221,2,4,'user4@jfgra.com','CAR-0004',1,'2017-12-15 03:55:30','2017-12-15 05:55:30','\0','','\0','\0'),(222,1,7,'user7@flgjr.com','CAR-0007',3,'2017-12-13 14:35:30','2017-12-13 20:35:30','\0','','\0','\0'),(223,2,3,'user3@uuusr.com','CAR-0003',1,'2017-12-14 06:45:30','2017-12-14 10:45:30','\0','','\0','\0'),(224,1,9,'user9@gjlls.com','CAR-0009',3,'2017-12-13 15:25:30','2017-12-13 19:25:30','\0','','\0','\0'),(225,2,8,'user8@ugugf.com','CAR-0008',3,'2017-12-16 21:25:30','2017-12-17 01:25:30','\0','','\0','\0'),(226,1,10,'user10@lfnjj.com','CAR-0010',1,'2017-12-13 21:05:30','2017-12-14 03:05:30','\0','','\0','\0'),(227,1,9,'user9@gjlls.com','CAR-0009',1,'2017-12-14 00:05:30','2017-12-14 10:05:30','\0','','\0','\0'),(228,2,7,'user7@flgjr.com','CAR-0007',1,'2017-12-14 10:35:30','2017-12-14 15:35:30','\0','','\0','\0'),(229,2,10,'user10@lfnjj.com','CAR-0010',2,'2017-12-14 16:35:30','2017-12-14 18:35:30','\0','','\0','\0'),(230,2,6,'user6@nfura.com','CAR-0006',2,'2017-12-15 18:05:30','2017-12-15 22:05:30','\0','','\0','\0'),(231,2,1,'user1@sjfrn.com','CAR-0001',3,'2017-12-15 20:15:30','2017-12-16 04:15:30','\0','','\0','\0'),(232,1,3,'user3@uuusr.com','CAR-0003',1,'2017-12-14 08:45:30','2017-12-14 13:45:30','\0','','\0','\0'),(233,2,9,'user9@gjlls.com','CAR-0009',3,'2017-12-17 07:45:30','2017-12-17 10:45:30','\0','','\0','\0'),(234,2,5,'user5@lsgul.com','CAR-0005',3,'2017-12-18 14:05:30','2017-12-18 15:05:30','\0','','\0','\0'),(235,1,3,'user3@uuusr.com','CAR-0003',1,'2017-12-14 21:35:30','2017-12-15 07:35:30','\0','','\0','\0'),(236,2,7,'user7@flgjr.com','CAR-0007',3,'2017-12-15 00:55:30','2017-12-15 02:55:30','\0','','\0','\0'),(237,2,7,'user7@flgjr.com','CAR-0007',1,'2017-12-18 10:55:30','2017-12-18 14:55:30','\0','','\0','\0'),(238,2,4,'user4@jfgra.com','CAR-0004',1,'2017-12-18 22:05:30','2017-12-19 01:05:30','\0','','\0','\0'),(239,2,3,'user3@uuusr.com','CAR-0003',3,'2017-12-16 03:45:30','2017-12-16 12:45:30','\0','','\0','\0'),(240,1,10,'user10@lfnjj.com','CAR-0010',3,'2017-12-15 09:45:30','2017-12-15 11:45:30','\0','','\0','\0'),(241,2,2,'user2@ugjga.com','CAR-0002',1,'2017-12-16 20:35:30','2017-12-16 22:35:30','\0','','\0','\0'),(242,2,10,'user10@lfnjj.com','CAR-0010',1,'2017-12-18 00:45:30','2017-12-18 06:45:30','\0','\0','',''),(243,2,6,'user6@nfura.com','CAR-0006',3,'2017-12-19 16:15:30','2017-12-19 17:15:30','\0','','\0','\0'),(244,1,3,'user3@uuusr.com','CAR-0003',1,'2017-12-16 13:35:30','2017-12-16 18:35:30','\0','','\0','\0'),(245,1,1,'user1@sjfrn.com','CAR-0001',1,'2017-12-16 14:15:30','2017-12-16 18:15:30','\0','','\0','\0'),(246,1,3,'user3@uuusr.com','CAR-0003',3,'2017-12-16 18:55:30','2017-12-17 00:55:30','\0','','\0','\0'),(247,2,2,'user2@ugjga.com','CAR-0002',1,'2017-12-18 02:15:30','2017-12-18 12:15:30','\0','\0','',''),(248,2,8,'user8@ugugf.com','CAR-0008',2,'2017-12-19 01:45:30','2017-12-19 02:45:30','\0','','\0','\0'),(249,1,1,'user1@sjfrn.com','CAR-0001',2,'2017-12-17 01:35:30','2017-12-17 04:35:30','\0','','\0','\0'),(250,1,3,'user3@uuusr.com','CAR-0003',3,'2017-12-17 06:25:30','2017-12-17 14:25:30','\0','','\0','\0'),(251,1,1,'user1@sjfrn.com','CAR-0001',1,'2017-12-17 10:45:30','2017-12-17 20:45:30','\0','','\0','\0'),(252,1,3,'user3@uuusr.com','CAR-0003',1,'2017-12-17 15:25:30','2017-12-17 18:25:30','\0','','\0','\0'),(253,2,1,'user1@sjfrn.com','CAR-0001',1,'2017-12-21 07:35:30','2017-12-21 15:35:30','\0','','\0','\0'),(254,2,3,'user3@uuusr.com','CAR-0003',3,'2017-12-19 13:45:30','2017-12-19 18:45:30','\0','','\0','\0'),(255,1,9,'user9@gjlls.com','CAR-0009',2,'2017-12-18 13:35:30','2017-12-18 18:35:30','\0','','\0','\0'),(256,1,2,'user2@ugjga.com','CAR-0002',3,'2017-12-18 14:25:30','2017-12-18 22:25:30','\0','','\0','\0'),(257,2,7,'user7@flgjr.com','CAR-0007',1,'2017-12-18 18:45:30','2017-12-19 02:45:30','\0','\0','',''),(258,1,10,'user10@lfnjj.com','CAR-0010',2,'2017-12-18 22:35:30','2017-12-19 08:35:30','\0','','\0','\0'),(259,2,2,'user2@ugjga.com','CAR-0002',3,'2017-12-19 01:05:30','2017-12-19 07:05:30','\0','','\0','\0'),(260,2,7,'user7@flgjr.com','CAR-0007',1,'2017-12-22 14:55:30','2017-12-22 23:55:30','\0','\0','',''),(261,2,9,'user9@gjlls.com','CAR-0009',2,'2017-12-21 18:25:30','2017-12-22 01:25:30','\0','','\0','\0'),(262,2,4,'user4@jfgra.com','CAR-0004',1,'2017-12-21 05:45:30','2017-12-21 14:45:30','\0','','\0',''),(263,2,8,'user8@ugugf.com','CAR-0008',3,'2017-12-20 00:55:30','2017-12-20 07:55:30','\0','','\0','\0'),(264,1,10,'user10@lfnjj.com','CAR-0010',2,'2017-12-19 06:25:30','2017-12-19 08:25:30','\0','','\0','\0'),(265,1,5,'user5@lsgul.com','CAR-0005',1,'2017-12-19 10:15:30','2017-12-19 11:15:30','\0','','\0','\0'),(266,1,5,'user5@lsgul.com','CAR-0005',3,'2017-12-19 12:35:30','2017-12-19 22:35:30','\0','','\0','\0'),(267,1,10,'user10@lfnjj.com','CAR-0010',2,'2017-12-19 16:45:30','2017-12-20 02:45:30','\0','','\0','\0'),(268,1,2,'user2@ugjga.com','CAR-0002',2,'2017-12-19 17:05:30','2017-12-19 20:05:30','\0','','\0','\0'),(269,2,3,'user3@uuusr.com','CAR-0003',2,'2017-12-23 17:25:30','2017-12-23 20:25:30','\0','','\0','\0'),(270,1,5,'user5@lsgul.com','CAR-0005',1,'2017-12-19 23:05:30','2017-12-20 04:05:30','\0','','\0','\0'),(271,1,2,'user2@ugjga.com','CAR-0002',1,'2017-12-20 02:25:30','2017-12-20 09:25:30','\0','','\0','\0'),(272,2,5,'user5@lsgul.com','CAR-0005',1,'2017-12-23 03:15:30','2017-12-23 06:15:30','\0','','\0','\0'),(273,2,10,'user10@lfnjj.com','CAR-0010',1,'2017-12-20 12:05:30','2017-12-20 14:05:30','\0','\0','',''),(274,2,2,'user2@ugjga.com','CAR-0002',2,'2017-12-22 01:25:30','2017-12-22 02:25:30','\0','','\0','\0'),(275,1,8,'user8@ugugf.com','CAR-0008',3,'2017-12-20 19:25:30','2017-12-21 01:25:30','\0','','\0','\0'),(276,1,8,'user8@ugugf.com','CAR-0008',2,'2017-12-21 04:25:30','2017-12-21 10:25:30','\0','','\0','\0'),(277,2,10,'user10@lfnjj.com','CAR-0010',3,'2017-12-22 08:25:30','2017-12-22 14:25:30','\0','','\0','\0'),(278,1,6,'user6@nfura.com','CAR-0006',1,'2017-12-21 09:25:30','2017-12-21 11:25:30','\0','','\0','\0'),(279,2,8,'user8@ugugf.com','CAR-0008',1,'2017-12-24 09:35:30','2017-12-24 16:35:30','\0','\0','',''),(280,1,4,'user4@jfgra.com','CAR-0004',2,'2017-12-21 19:45:30','2017-12-21 21:45:30','\0','','\0','\0'),(281,2,1,'user1@sjfrn.com','CAR-0001',2,'2017-12-25 19:15:30','2017-12-26 04:15:30','\0','','\0','\0'),(282,2,4,'user4@jfgra.com','CAR-0004',3,'2017-12-26 00:55:30','2017-12-26 01:55:30','\0','','\0','\0'),(283,1,2,'user2@ugjga.com','CAR-0002',1,'2017-12-22 09:25:30','2017-12-22 15:25:30','\0','','\0','\0'),(284,2,2,'user2@ugjga.com','CAR-0002',3,'2017-12-26 06:45:30','2017-12-26 11:45:30','\0','','\0','\0'),(285,1,6,'user6@nfura.com','CAR-0006',3,'2017-12-22 19:05:30','2017-12-22 21:05:30','\0','','\0','\0'),(286,2,6,'user6@nfura.com','CAR-0006',1,'2017-12-23 13:45:30','2017-12-23 20:45:30','\0','','\0','\0'),(287,2,10,'user10@lfnjj.com','CAR-0010',1,'2017-12-23 10:25:30','2017-12-23 19:25:30','\0','','\0','\0'),(288,1,9,'user9@gjlls.com','CAR-0009',3,'2017-12-22 23:35:30','2017-12-23 06:35:30','\0','','\0','\0'),(289,1,9,'user9@gjlls.com','CAR-0009',3,'2017-12-23 12:35:30','2017-12-23 21:35:30','\0','','\0','\0'),(290,1,5,'user5@lsgul.com','CAR-0005',2,'2017-12-23 12:45:30','2017-12-23 14:45:30','\0','','\0','\0'),(291,1,5,'user5@lsgul.com','CAR-0005',1,'2017-12-23 17:15:30','2017-12-23 18:15:30','\0','','\0','\0'),(292,2,3,'user3@uuusr.com','CAR-0003',2,'2017-12-25 00:45:30','2017-12-25 05:45:30','\0','\0','',''),(293,1,9,'user9@gjlls.com','CAR-0009',3,'2017-12-24 02:15:30','2017-12-24 07:15:30','\0','','\0','\0'),(294,2,10,'user10@lfnjj.com','CAR-0010',1,'2017-12-26 18:05:30','2017-12-26 23:05:30','\0','\0','',''),(295,1,5,'user5@lsgul.com','CAR-0005',1,'2017-12-24 06:05:30','2017-12-24 15:05:30','\0','','\0','\0'),(296,2,6,'user6@nfura.com','CAR-0006',1,'2017-12-25 10:35:30','2017-12-25 14:35:30','\0','','\0','\0'),(297,1,7,'user7@flgjr.com','CAR-0007',3,'2017-12-24 14:25:30','2017-12-24 21:25:30','\0','','\0','\0'),(298,1,9,'user9@gjlls.com','CAR-0009',2,'2017-12-24 14:35:30','2017-12-24 15:35:30','\0','','\0','\0'),(299,1,5,'user5@lsgul.com','CAR-0005',2,'2017-12-24 15:05:30','2017-12-24 19:05:30','\0','','\0','\0'),(300,1,5,'user5@lsgul.com','CAR-0005',3,'2017-12-24 19:25:30','2017-12-24 21:25:30','\0','','\0','\0'),(301,1,7,'user7@flgjr.com','CAR-0007',3,'2017-12-24 21:15:30','2017-12-25 02:15:30','\0','','\0','\0'),(302,1,8,'user8@ugugf.com','CAR-0008',2,'2017-12-25 01:55:30','2017-12-25 09:55:30','\0','','\0','\0'),(303,1,5,'user5@lsgul.com','CAR-0005',1,'2017-12-25 02:25:30','2017-12-25 08:25:30','\0','','\0','\0'),(304,1,7,'user7@flgjr.com','CAR-0007',3,'2017-12-25 02:45:30','2017-12-25 05:45:30','\0','','\0','\0'),(305,2,5,'user5@lsgul.com','CAR-0005',1,'2017-12-26 02:35:30','2017-12-26 11:35:30','\0','','\0','\0'),(306,1,9,'user9@gjlls.com','CAR-0009',1,'2017-12-25 08:45:30','2017-12-25 13:45:30','\0','','\0','\0'),(307,1,8,'user8@ugugf.com','CAR-0008',2,'2017-12-25 14:05:30','2017-12-25 19:05:30','\0','','\0','\0'),(308,2,9,'user9@gjlls.com','CAR-0009',3,'2017-12-27 11:05:30','2017-12-27 17:05:30','\0','','\0','\0'),(309,1,3,'user3@uuusr.com','CAR-0003',3,'2017-12-25 16:25:30','2017-12-25 18:25:30','\0','','\0','\0'),(310,2,7,'user7@flgjr.com','CAR-0007',3,'2017-12-28 04:15:30','2017-12-28 05:15:30','\0','','\0','\0'),(311,2,6,'user6@nfura.com','CAR-0006',3,'2017-12-29 04:45:30','2017-12-29 12:45:30','\0','','\0','\0'),(312,1,3,'user3@uuusr.com','CAR-0003',3,'2017-12-25 20:15:30','2017-12-26 01:15:30','\0','','\0','\0'),(313,2,8,'user8@ugugf.com','CAR-0008',2,'2017-12-26 20:55:30','2017-12-27 06:55:30','\0','','\0','\0'),(314,1,1,'user1@sjfrn.com','CAR-0001',3,'2017-12-26 06:05:30','2017-12-26 11:05:30','\0','','\0','\0'),(315,2,3,'user3@uuusr.com','CAR-0003',1,'2017-12-27 12:55:30','2017-12-27 20:55:30','\0','','\0','\0'),(316,2,1,'user1@sjfrn.com','CAR-0001',3,'2017-12-29 23:25:30','2017-12-30 05:25:30','\0','\0','',''),(317,1,5,'user5@lsgul.com','CAR-0005',3,'2017-12-26 15:15:30','2017-12-26 19:15:30','\0','','\0','\0'),(318,1,5,'user5@lsgul.com','CAR-0005',2,'2017-12-26 20:25:30','2017-12-27 00:25:30','\0','','\0','\0'),(319,2,5,'user5@lsgul.com','CAR-0005',2,'2017-12-28 15:05:30','2017-12-28 21:05:30','\0','','\0','\0'),(320,2,4,'user4@jfgra.com','CAR-0004',2,'2017-12-27 21:55:30','2017-12-28 02:55:30','\0','\0','',''),(321,1,8,'user8@ugugf.com','CAR-0008',3,'2017-12-27 10:35:30','2017-12-27 20:35:30','\0','','\0','\0'),(322,2,2,'user2@ugjga.com','CAR-0002',3,'2017-12-28 05:25:30','2017-12-28 11:25:30','\0','','\0','\0'),(323,2,10,'user10@lfnjj.com','CAR-0010',3,'2017-12-29 12:45:30','2017-12-29 21:45:30','\0','\0','',''),(324,2,3,'user3@uuusr.com','CAR-0003',2,'2018-01-01 00:35:30','2018-01-01 05:35:30','\0','\0','',''),(325,1,9,'user9@gjlls.com','CAR-0009',1,'2017-12-27 22:55:30','2017-12-28 05:55:30','\0','','\0','\0'),(326,1,8,'user8@ugugf.com','CAR-0008',1,'2017-12-28 04:05:30','2017-12-28 08:05:30','\0','','\0','\0'),(327,2,4,'user4@jfgra.com','CAR-0004',2,'2017-12-31 02:15:30','2017-12-31 05:15:30','\0','','\0','\0'),(328,1,7,'user7@flgjr.com','CAR-0007',3,'2017-12-28 08:35:30','2017-12-28 12:35:30','\0','','\0','\0'),(329,1,8,'user8@ugugf.com','CAR-0008',3,'2017-12-28 09:55:30','2017-12-28 10:55:30','\0','','\0','\0'),(330,1,9,'user9@gjlls.com','CAR-0009',1,'2017-12-28 10:55:30','2017-12-28 15:55:30','\0','','\0','\0'),(331,2,8,'user8@ugugf.com','CAR-0008',3,'2017-12-29 18:55:30','2017-12-29 22:55:30','\0','','\0','\0'),(332,2,9,'user9@gjlls.com','CAR-0009',1,'2017-12-31 20:25:30','2017-12-31 22:25:30','\0','','\0','\0'),(333,2,7,'user7@flgjr.com','CAR-0007',3,'2017-12-29 17:15:30','2017-12-30 01:15:30','\0','\0','',''),(334,2,2,'user2@ugjga.com','CAR-0002',3,'2017-12-31 17:45:30','2017-12-31 18:45:30','\0','','\0','\0'),(335,1,6,'user6@nfura.com','CAR-0006',2,'2017-12-29 06:05:30','2017-12-29 14:05:30','\0','','\0','\0'),(336,2,5,'user5@lsgul.com','CAR-0005',2,'2018-01-01 12:15:30','2018-01-01 16:15:30','\0','','\0','\0'),(337,2,6,'user6@nfura.com','CAR-0006',3,'2017-12-31 22:35:30','2018-01-01 02:35:30','\0','','\0','\0'),(338,2,7,'user7@flgjr.com','CAR-0007',2,'2018-01-02 16:45:30','2018-01-03 00:45:30','\0','','\0','\0'),(339,2,8,'user8@ugugf.com','CAR-0008',2,'2017-12-31 07:05:30','2017-12-31 11:05:30','\0','','\0','\0'),(340,1,1,'user1@sjfrn.com','CAR-0001',3,'2017-12-30 15:45:30','2017-12-31 00:45:30','\0','','\0','\0'),(341,1,1,'user1@sjfrn.com','CAR-0001',1,'2017-12-31 09:05:30','2017-12-31 12:05:30','\0','','\0','\0'),(342,1,1,'user1@sjfrn.com','CAR-0001',3,'2017-12-31 13:35:30','2017-12-31 22:35:30','\0','','\0','\0'),(343,2,8,'user8@ugugf.com','CAR-0008',1,'2018-01-02 22:45:30','2018-01-03 08:45:30','\0','','\0','\0'),(344,1,10,'user10@lfnjj.com','CAR-0010',1,'2017-12-31 13:55:30','2017-12-31 16:55:30','\0','','\0','\0'),(345,1,2,'user2@ugjga.com','CAR-0002',3,'2017-12-31 18:35:30','2018-01-01 03:35:30','\0','','\0','\0'),(346,2,4,'user4@jfgra.com','CAR-0004',1,'2018-01-03 15:45:30','2018-01-03 22:45:30','\0','\0','',''),(347,1,1,'user1@sjfrn.com','CAR-0001',2,'2017-12-31 23:15:30','2018-01-01 03:15:30','\0','','\0','\0'),(348,1,6,'user6@nfura.com','CAR-0006',1,'2018-01-01 01:25:30','2018-01-01 04:25:30','\0','','\0','\0'),(349,2,9,'user9@gjlls.com','CAR-0009',1,'2018-01-01 04:05:30','2018-01-01 11:05:30','\0','\0','',''),(350,1,9,'user9@gjlls.com','CAR-0009',2,'2018-01-01 07:45:30','2018-01-01 11:45:30','\0','','\0','\0'),(351,1,1,'user1@sjfrn.com','CAR-0001',2,'2018-01-01 10:45:30','2018-01-01 18:45:30','\0','','\0','\0'),(352,1,10,'user10@lfnjj.com','CAR-0010',2,'2018-01-01 12:25:30','2018-01-01 13:25:30','\0','','\0','\0'),(353,1,6,'user6@nfura.com','CAR-0006',1,'2018-01-01 12:55:30','2018-01-01 18:55:30','\0','','\0','\0'),(354,2,9,'user9@gjlls.com','CAR-0009',3,'2018-01-05 02:55:30','2018-01-05 12:55:30','\0','','\0','\0'),(355,2,2,'user2@ugjga.com','CAR-0002',2,'2018-01-05 08:45:30','2018-01-05 12:45:30','\0','','\0','\0'),(356,2,10,'user10@lfnjj.com','CAR-0010',3,'2018-01-04 11:25:30','2018-01-04 13:25:30','\0','\0','',''),(357,2,3,'user3@uuusr.com','CAR-0003',3,'2018-01-04 11:25:30','2018-01-04 21:25:30','\0','\0','',''),(358,1,5,'user5@lsgul.com','CAR-0005',3,'2018-01-01 20:15:30','2018-01-02 06:15:30','\0','','\0','\0'),(359,1,1,'user1@sjfrn.com','CAR-0001',2,'2018-01-01 23:55:30','2018-01-02 00:55:30','\0','','\0','\0'),(360,1,6,'user6@nfura.com','CAR-0006',1,'2018-01-02 00:25:30','2018-01-02 05:25:30','\0','','\0','\0'),(361,1,5,'user5@lsgul.com','CAR-0005',1,'2018-01-02 07:25:30','2018-01-02 14:25:30','\0','','\0','\0'),(362,2,6,'user6@nfura.com','CAR-0006',3,'2018-01-06 12:45:30','2018-01-06 15:45:30','\0','','\0','\0'),(363,1,1,'user1@sjfrn.com','CAR-0001',2,'2018-01-02 12:45:30','2018-01-02 21:45:30','\0','','\0','\0'),(364,1,5,'user5@lsgul.com','CAR-0005',2,'2018-01-02 15:15:30','2018-01-02 23:15:30','\0','','\0','\0'),(365,2,7,'user7@flgjr.com','CAR-0007',3,'2018-01-04 18:55:30','2018-01-05 00:55:30','\0','','\0','\0'),(366,2,1,'user1@sjfrn.com','CAR-0001',3,'2018-01-05 04:15:30','2018-01-05 11:15:30','\0','\0','',''),(367,2,8,'user8@ugugf.com','CAR-0008',1,'2018-01-06 04:25:30','2018-01-06 09:25:30','\0','','\0','\0'),(368,2,5,'user5@lsgul.com','CAR-0005',3,'2018-01-05 01:45:30','2018-01-05 05:45:30','\0','\0','',''),(369,1,7,'user7@flgjr.com','CAR-0007',2,'2018-01-05 02:55:30','2018-01-05 10:55:30','\0','','\0','\0'),(370,1,10,'user10@lfnjj.com','CAR-0010',2,'2018-01-05 03:55:30','2018-01-05 09:55:30','\0','','\0','\0'),(371,1,4,'user4@jfgra.com','CAR-0004',1,'2018-01-05 05:05:30','2018-01-05 06:05:30','\0','','\0','\0'),(372,2,5,'user5@lsgul.com','CAR-0005',2,'2018-01-06 16:35:30','2018-01-06 23:35:30','\0','','\0','\0'),(373,1,1,'user1@sjfrn.com','CAR-0001',3,'2018-01-05 07:05:30','2018-01-05 13:05:30','\0','','\0','\0'),(374,2,4,'user4@jfgra.com','CAR-0004',1,'2018-01-09 10:45:30','2018-01-09 11:45:30','\0','','\0','\0'),(375,1,7,'user7@flgjr.com','CAR-0007',2,'2018-01-05 11:25:30','2018-01-05 13:25:30','\0','','\0','\0'),(376,1,2,'user2@ugjga.com','CAR-0002',2,'2018-01-05 12:45:30','2018-01-05 14:45:30','\0','','\0','\0'),(377,1,2,'user2@ugjga.com','CAR-0002',3,'2018-01-05 14:25:30','2018-01-05 22:25:30','\0','','\0','\0'),(378,2,10,'user10@lfnjj.com','CAR-0010',3,'2018-01-08 08:15:30','2018-01-08 18:15:30','\0','\0','',''),(379,2,7,'user7@flgjr.com','CAR-0007',2,'2018-01-06 12:05:30','2018-01-06 15:05:30','\0','','\0','\0'),(380,1,1,'user1@sjfrn.com','CAR-0001',1,'2018-01-05 18:25:30','2018-01-06 01:25:30','\0','','\0','\0'),(381,2,2,'user2@ugjga.com','CAR-0002',1,'2018-01-08 12:25:30','2018-01-08 14:25:30','\0','','\0','\0'),(382,1,3,'user3@uuusr.com','CAR-0003',1,'2018-01-06 09:05:30','2018-01-06 11:05:30','\0','','\0','\0'),(383,2,3,'user3@uuusr.com','CAR-0003',3,'2018-01-08 04:55:30','2018-01-08 10:55:30','\0','\0','',''),(384,2,9,'user9@gjlls.com','CAR-0009',1,'2018-01-08 22:55:30','2018-01-09 06:55:30','\0','','\0','\0'),(385,1,1,'user1@sjfrn.com','CAR-0001',2,'2018-01-06 13:45:30','2018-01-06 17:45:30','\0','','\0','\0'),(386,2,8,'user8@ugugf.com','CAR-0008',3,'2018-01-08 16:55:30','2018-01-09 01:55:30','\0','\0','',''),(387,2,6,'user6@nfura.com','CAR-0006',3,'2018-01-09 12:25:30','2018-01-09 16:25:30','\0','\0','',''),(388,2,7,'user7@flgjr.com','CAR-0007',3,'2018-01-10 07:05:30','2018-01-10 14:05:30','\0','','\0','\0'),(389,2,1,'user1@sjfrn.com','CAR-0001',2,'2018-01-09 20:55:30','2018-01-09 21:55:30','\0','','\0','\0'),(390,2,5,'user5@lsgul.com','CAR-0005',1,'2018-01-09 19:35:30','2018-01-10 01:35:30','\0','\0','',''),(391,1,10,'user10@lfnjj.com','CAR-0010',1,'2018-01-09 03:45:30','2018-01-09 05:45:30','\0','','\0','\0'),(392,1,3,'user3@uuusr.com','CAR-0003',1,'2018-01-09 06:35:30','2018-01-09 16:35:30','\0','','\0','\0'),(393,1,10,'user10@lfnjj.com','CAR-0010',1,'2018-01-09 06:45:30','2018-01-09 10:45:30','\0','','\0','\0'),(394,2,9,'user9@gjlls.com','CAR-0009',2,'2018-01-12 21:25:30','2018-01-12 23:25:30','\0','','\0','\0'),(395,1,10,'user10@lfnjj.com','CAR-0010',1,'2018-01-09 11:05:30','2018-01-09 14:05:30','\0','','\0','\0'),(396,1,4,'user4@jfgra.com','CAR-0004',3,'2018-01-09 12:05:30','2018-01-09 17:05:30','\0','','\0','\0'),(397,2,10,'user10@lfnjj.com','CAR-0010',2,'2018-01-12 18:55:30','2018-01-13 03:55:30','\0','','\0','\0'),(398,1,6,'user6@nfura.com','CAR-0006',1,'2018-01-09 17:35:30','2018-01-09 19:35:30','\0','','\0','\0'),(399,2,3,'user3@uuusr.com','CAR-0003',3,'2018-01-12 19:35:30','2018-01-12 20:35:30','\0','\0','',''),(400,2,1,'user1@sjfrn.com','CAR-0001',1,'2018-01-12 17:05:30','2018-01-12 18:05:30','\0','','\0','\0'),(401,2,5,'user5@lsgul.com','CAR-0005',3,'2018-01-11 22:45:30','2018-01-12 07:45:30','\0','','\0','\0'),(402,1,6,'user6@nfura.com','CAR-0006',2,'2018-01-10 03:05:30','2018-01-10 09:05:30','\0','','\0','\0'),(403,1,6,'user6@nfura.com','CAR-0006',3,'2018-01-10 07:05:30','2018-01-10 08:05:30','\0','','\0','\0'),(404,1,6,'user6@nfura.com','CAR-0006',1,'2018-01-10 07:55:30','2018-01-10 10:55:30','\0','','\0','\0'),(405,1,2,'user2@ugjga.com','CAR-0002',1,'2018-01-10 08:05:30','2018-01-10 18:05:30','\0','','\0','\0'),(406,2,6,'user6@nfura.com','CAR-0006',3,'2018-01-10 21:35:30','2018-01-11 03:35:30','\0','\0','',''),(407,1,4,'user4@jfgra.com','CAR-0004',1,'2018-01-10 13:45:30','2018-01-10 18:45:30','\0','','\0','\0'),(408,1,8,'user8@ugugf.com','CAR-0008',2,'2018-01-10 16:55:30','2018-01-10 17:55:30','\0','','\0','\0'),(409,2,8,'user8@ugugf.com','CAR-0008',1,'2018-01-11 19:15:30','2018-01-11 20:15:30','\0','\0','',''),(410,2,7,'user7@flgjr.com','CAR-0007',1,'2018-01-14 01:55:30','2018-01-14 05:55:30','\0','\0','',''),(411,1,2,'user2@ugjga.com','CAR-0002',2,'2018-01-11 00:05:30','2018-01-11 05:05:30','\0','','\0','\0'),(412,2,4,'user4@jfgra.com','CAR-0004',3,'2018-01-14 02:25:30','2018-01-14 05:25:30','\0','','\0','\0'),(413,2,2,'user2@ugjga.com','CAR-0002',1,'2018-01-15 03:55:30','2018-01-15 10:55:30','\0','','\0','\0'),(414,2,6,'user6@nfura.com','CAR-0006',1,'2018-01-11 11:45:30','2018-01-11 17:45:30','\0','\0','',''),(415,2,6,'user6@nfura.com','CAR-0006',1,'2018-01-13 22:05:30','2018-01-14 07:05:30','\0','\0','',''),(416,2,8,'user8@ugugf.com','CAR-0008',1,'2018-01-13 19:15:30','2018-01-14 02:15:30','\0','','\0','\0'),(417,1,10,'user10@lfnjj.com','CAR-0010',2,'2018-01-12 20:05:30','2018-01-13 04:05:30','\0','','\0','\0'),(418,2,5,'user5@lsgul.com','CAR-0005',3,'2018-01-16 23:35:30','2018-01-17 02:35:30','\0','','\0','\0'),(419,2,10,'user10@lfnjj.com','CAR-0010',1,'2018-01-17 07:35:30','2018-01-17 13:35:30','\0','','\0','\0'),(420,1,9,'user9@gjlls.com','CAR-0009',3,'2018-01-13 10:45:30','2018-01-13 16:45:30','\0','','\0','\0'),(421,1,3,'user3@uuusr.com','CAR-0003',2,'2018-01-13 11:35:30','2018-01-13 13:35:30','\0','','\0','\0'),(422,2,3,'user3@uuusr.com','CAR-0003',1,'2018-01-14 09:55:30','2018-01-14 14:55:30','\0','\0','',''),(423,2,9,'user9@gjlls.com','CAR-0009',3,'2018-01-16 14:15:30','2018-01-16 22:15:30','\0','','\0','\0'),(424,2,8,'user8@ugugf.com','CAR-0008',1,'2018-01-14 17:35:30','2018-01-14 22:35:30','\0','','\0','\0'),(425,2,4,'user4@jfgra.com','CAR-0004',2,'2018-01-17 01:15:30','2018-01-17 05:15:30','\0','','\0','\0'),(426,2,8,'user8@ugugf.com','CAR-0008',3,'2018-01-18 23:35:30','2018-01-19 03:35:30','\0','\0','',''),(427,2,3,'user3@uuusr.com','CAR-0003',2,'2018-01-18 09:55:30','2018-01-18 11:55:30','\0','\0','',''),(428,1,1,'user1@sjfrn.com','CAR-0001',3,'2018-01-15 02:45:30','2018-01-15 03:45:30','\0','','\0','\0'),(429,1,1,'user1@sjfrn.com','CAR-0001',2,'2018-01-15 04:15:30','2018-01-15 07:15:30','\0','','\0','\0'),(430,1,6,'user6@nfura.com','CAR-0006',1,'2018-01-15 07:25:30','2018-01-15 15:25:30','\0','','\0','\0'),(431,2,1,'user1@sjfrn.com','CAR-0001',1,'2018-01-18 11:45:30','2018-01-18 18:45:30','\0','','\0','\0'),(432,1,2,'user2@ugjga.com','CAR-0002',3,'2018-01-15 14:35:30','2018-01-16 00:35:30','\0','','\0','\0'),(433,1,6,'user6@nfura.com','CAR-0006',2,'2018-01-15 20:35:30','2018-01-16 04:35:30','\0','','\0','\0'),(434,1,2,'user2@ugjga.com','CAR-0002',1,'2018-01-15 21:05:30','2018-01-16 03:05:30','\0','','\0','\0'),(435,2,7,'user7@flgjr.com','CAR-0007',2,'2018-01-19 23:55:30','2018-01-20 02:55:30','\0','','\0',''),(436,2,6,'user6@nfura.com','CAR-0006',2,'2018-01-18 04:15:30','2018-01-18 11:15:30','\0','','\0','\0'),(437,2,2,'user2@ugjga.com','CAR-0002',2,'2018-01-19 17:25:30','2018-01-20 00:25:30','\0','\0','',''),(438,1,9,'user9@gjlls.com','CAR-0009',1,'2018-01-16 19:55:30','2018-01-17 03:55:30','\0','','\0','\0'),(439,1,4,'user4@jfgra.com','CAR-0004',2,'2018-01-17 06:45:30','2018-01-17 07:45:30','\0','','\0','\0'),(440,2,9,'user9@gjlls.com','CAR-0009',3,'2018-01-18 14:45:30','2018-01-18 22:45:30','\0','','\0','\0'),(441,2,4,'user4@jfgra.com','CAR-0004',3,'2018-01-17 16:25:30','2018-01-17 17:25:30','\0','\0','',''),(442,1,10,'user10@lfnjj.com','CAR-0010',1,'2018-01-17 16:55:30','2018-01-17 19:55:30','\0','','\0','\0'),(443,2,5,'user5@lsgul.com','CAR-0005',3,'2018-01-21 10:45:30','2018-01-21 14:45:30','\0','\0','',''),(444,1,10,'user10@lfnjj.com','CAR-0010',1,'2018-01-17 22:35:30','2018-01-18 01:35:30','\0','','\0','\0'),(445,2,4,'user4@jfgra.com','CAR-0004',1,'2018-01-20 10:55:30','2018-01-20 16:55:30','\0','\0','',''),(446,1,10,'user10@lfnjj.com','CAR-0010',2,'2018-01-18 09:35:30','2018-01-18 13:35:30','\0','','\0','\0'),(447,2,6,'user6@nfura.com','CAR-0006',2,'2018-01-20 18:45:30','2018-01-21 02:45:30','\0','','\0','\0'),(448,2,10,'user10@lfnjj.com','CAR-0010',3,'2018-01-22 23:25:30','2018-01-23 07:25:30','\0','\0','',''),(449,1,9,'user9@gjlls.com','CAR-0009',3,'2018-01-19 06:35:30','2018-01-19 14:35:30','\0','','\0','\0'),(450,2,1,'user1@sjfrn.com','CAR-0001',1,'2018-01-20 22:35:30','2018-01-21 06:35:30','\0','','\0','\0'),(451,2,3,'user3@uuusr.com','CAR-0003',1,'2018-01-20 02:15:30','2018-01-20 03:15:30','\0','\0','',''),(452,1,9,'user9@gjlls.com','CAR-0009',3,'2018-01-20 01:15:30','2018-01-20 11:15:30','\0','','\0','\0'),(453,2,3,'user3@uuusr.com','CAR-0003',2,'2018-01-23 09:05:30','2018-01-23 18:05:30','\0','','\0','\0'),(454,2,8,'user8@ugugf.com','CAR-0008',3,'2018-01-22 02:45:30','2018-01-22 05:45:30','\0','\0','',''),(455,1,9,'user9@gjlls.com','CAR-0009',3,'2018-01-20 13:45:30','2018-01-20 15:45:30','\0','','\0','\0'),(456,1,4,'user4@jfgra.com','CAR-0004',1,'2018-01-20 17:15:30','2018-01-21 01:15:30','\0','','\0','\0'),(457,1,9,'user9@gjlls.com','CAR-0009',3,'2018-01-21 01:15:30','2018-01-21 11:15:30','\0','','\0','\0'),(458,1,6,'user6@nfura.com','CAR-0006',3,'2018-01-21 05:45:30','2018-01-21 15:45:30','\0','','\0','\0'),(459,2,4,'user4@jfgra.com','CAR-0004',2,'2018-01-24 11:15:30','2018-01-24 21:15:30','\0','\0','',''),(460,2,1,'user1@sjfrn.com','CAR-0001',3,'2018-01-23 02:05:30','2018-01-23 05:05:30','\0','','\0','\0'),(461,2,9,'user9@gjlls.com','CAR-0009',3,'2018-01-22 17:35:30','2018-01-23 00:35:30','\0','','\0','\0'),(462,2,2,'user2@ugjga.com','CAR-0002',3,'2018-01-23 01:55:30','2018-01-23 03:55:30','\0','\0','',''),(463,1,6,'user6@nfura.com','CAR-0006',1,'2018-01-21 21:25:30','2018-01-22 07:25:30','\0','','\0','\0'),(464,2,7,'user7@flgjr.com','CAR-0007',1,'2018-01-22 08:05:30','2018-01-22 18:05:30','\0','','\0','\0'),(465,1,8,'user8@ugugf.com','CAR-0008',3,'2018-01-22 17:05:30','2018-01-23 02:05:30','\0','','\0','\0'),(466,1,9,'user9@gjlls.com','CAR-0009',3,'2018-01-22 18:15:30','2018-01-22 22:15:30','\0','','\0','\0'),(467,2,6,'user6@nfura.com','CAR-0006',2,'2018-01-25 06:35:30','2018-01-25 07:35:30','\0','','\0','\0'),(468,2,9,'user9@gjlls.com','CAR-0009',1,'2018-01-24 18:45:30','2018-01-24 22:45:30','\0','\0','',''),(469,2,7,'user7@flgjr.com','CAR-0007',3,'2018-01-27 00:25:30','2018-01-27 02:25:30','\0','\0','',''),(470,1,8,'user8@ugugf.com','CAR-0008',2,'2018-01-23 08:15:30','2018-01-23 17:15:30','\0','','\0','\0'),(471,2,3,'user3@uuusr.com','CAR-0003',1,'2018-01-27 02:55:30','2018-01-27 08:55:30','\0','','\0','\0'),(472,1,8,'user8@ugugf.com','CAR-0008',1,'2018-01-23 13:25:30','2018-01-23 17:25:30','\0','','\0','\0'),(473,2,10,'user10@lfnjj.com','CAR-0010',2,'2018-01-26 11:35:30','2018-01-26 12:35:30','\0','','\0','\0'),(474,2,5,'user5@lsgul.com','CAR-0005',1,'2018-01-25 18:25:30','2018-01-25 22:25:30','\0','\0','',''),(475,2,8,'user8@ugugf.com','CAR-0008',2,'2018-01-26 16:05:30','2018-01-26 20:05:30','\0','\0','',''),(476,2,2,'user2@ugjga.com','CAR-0002',2,'2018-01-27 17:35:30','2018-01-28 01:35:30','\0','','\0','\0'),(477,2,1,'user1@sjfrn.com','CAR-0001',1,'2018-01-28 06:25:30','2018-01-28 09:25:30','\0','','\0','\0'),(478,2,4,'user4@jfgra.com','CAR-0004',1,'2018-01-26 15:05:30','2018-01-26 22:05:30','\0','','\0','\0'),(479,1,9,'user9@gjlls.com','CAR-0009',3,'2018-01-25 02:45:30','2018-01-25 10:45:30','\0','','\0','\0'),(480,1,9,'user9@gjlls.com','CAR-0009',3,'2018-01-25 10:55:30','2018-01-25 13:55:30','\0','','\0','\0'),(481,2,6,'user6@nfura.com','CAR-0006',3,'2018-01-26 20:15:30','2018-01-26 22:15:30','\0','','\0','\0'),(482,1,9,'user9@gjlls.com','CAR-0009',3,'2018-01-25 16:35:30','2018-01-26 00:35:30','\0','','\0','\0'),(483,2,9,'user9@gjlls.com','CAR-0009',1,'2018-01-27 18:35:30','2018-01-28 01:35:30','\0','','\0','\0'),(484,1,5,'user5@lsgul.com','CAR-0005',3,'2018-01-26 06:15:30','2018-01-26 08:15:30','\0','','\0','\0'),(485,1,10,'user10@lfnjj.com','CAR-0010',1,'2018-01-26 13:45:30','2018-01-26 14:45:30','\0','','\0','\0'),(486,2,5,'user5@lsgul.com','CAR-0005',1,'2018-01-26 15:55:30','2018-01-26 16:55:30','\0','','\0',''),(487,1,5,'user5@lsgul.com','CAR-0005',1,'2018-01-26 16:55:30','2018-01-26 22:55:30','\0','','\0','\0'),(488,1,4,'user4@jfgra.com','CAR-0004',1,'2018-01-26 19:05:30','2018-01-27 01:05:30','\0','','\0','\0'),(489,2,10,'user10@lfnjj.com','CAR-0010',1,'2018-01-27 06:25:30','2018-01-27 16:25:30','\0','','\0','\0'),(490,1,8,'user8@ugugf.com','CAR-0008',1,'2018-01-26 23:15:30','2018-01-27 02:15:30','\0','','\0','\0'),(491,2,4,'user4@jfgra.com','CAR-0004',1,'2018-01-27 05:35:30','2018-01-27 12:35:30','\0','','\0',''),(492,2,8,'user8@ugugf.com','CAR-0008',1,'2018-01-30 11:25:30','2018-01-30 17:25:30','\0','\0','',''),(493,2,6,'user6@nfura.com','CAR-0006',3,'2018-01-28 18:05:30','2018-01-28 23:05:30','\0','','\0','\0'),(494,1,5,'user5@lsgul.com','CAR-0005',3,'2018-01-27 08:05:30','2018-01-27 15:05:30','\0','','\0','\0'),(495,2,4,'user4@jfgra.com','CAR-0004',2,'2018-01-31 16:35:30','2018-01-31 18:35:30','\0','\0','',''),(496,1,5,'user5@lsgul.com','CAR-0005',1,'2018-01-27 16:25:30','2018-01-27 19:25:30','\0','','\0','\0'),(497,2,2,'user2@ugjga.com','CAR-0002',1,'2018-01-29 18:35:30','2018-01-30 02:35:30','\0','','\0','\0'),(498,2,9,'user9@gjlls.com','CAR-0009',1,'2018-01-29 04:45:30','2018-01-29 12:45:30','\0','','\0',''),(499,1,5,'user5@lsgul.com','CAR-0005',2,'2018-01-28 09:35:30','2018-01-28 18:35:30','\0','','\0','\0'),(500,1,3,'user3@uuusr.com','CAR-0003',3,'2018-01-28 09:55:30','2018-01-28 10:55:30','\0','','\0','\0'),(501,1,1,'user1@sjfrn.com','CAR-0001',3,'2018-01-28 16:25:30','2018-01-29 00:25:30','\0','','\0','\0'),(502,2,5,'user5@lsgul.com','CAR-0005',3,'2018-01-30 04:35:30','2018-01-30 12:35:30','\0','\0','',''),(503,2,3,'user3@uuusr.com','CAR-0003',1,'2018-02-01 13:25:30','2018-02-01 14:25:30','\0','','\0','\0'),(504,1,6,'user6@nfura.com','CAR-0006',2,'2018-01-29 00:35:30','2018-01-29 01:35:30','\0','','\0','\0'),(505,2,7,'user7@flgjr.com','CAR-0007',1,'2018-01-30 21:25:30','2018-01-31 01:25:30','\0','','\0','\0'),(506,1,10,'user10@lfnjj.com','CAR-0010',1,'2018-01-29 02:35:30','2018-01-29 03:35:30','\0','','\0','\0'),(507,1,1,'user1@sjfrn.com','CAR-0001',3,'2018-01-29 02:55:30','2018-01-29 09:55:30','\0','','\0','\0'),(508,1,6,'user6@nfura.com','CAR-0006',3,'2018-01-29 03:35:30','2018-01-29 10:35:30','\0','','\0','\0'),(509,1,10,'user10@lfnjj.com','CAR-0010',1,'2018-01-29 09:05:30','2018-01-29 15:05:30','\0','','\0','\0'),(510,2,1,'user1@sjfrn.com','CAR-0001',2,'2018-02-01 22:05:30','2018-02-02 03:05:30','\0','','\0','\0'),(511,1,6,'user6@nfura.com','CAR-0006',2,'2018-01-29 14:35:30','2018-01-30 00:35:30','\0','','\0','\0'),(512,1,10,'user10@lfnjj.com','CAR-0010',3,'2018-01-29 18:05:30','2018-01-29 22:05:30','\0','','\0','\0'),(513,1,9,'user9@gjlls.com','CAR-0009',2,'2018-01-29 20:15:30','2018-01-29 23:15:30','\0','','\0','\0'),(514,1,6,'user6@nfura.com','CAR-0006',1,'2018-01-30 00:45:30','2018-01-30 02:45:30','\0','','\0','\0'),(515,2,2,'user2@ugjga.com','CAR-0002',3,'2018-01-31 06:35:30','2018-01-31 14:35:30','\0','','\0','\0'),(516,2,6,'user6@nfura.com','CAR-0006',2,'2018-01-31 18:25:30','2018-02-01 01:25:30','\0','\0','',''),(517,1,9,'user9@gjlls.com','CAR-0009',3,'2018-01-30 07:25:30','2018-01-30 16:25:30','\0','','\0','\0'),(518,2,5,'user5@lsgul.com','CAR-0005',2,'2018-02-03 04:55:30','2018-02-03 13:55:30','\0','','\0','\0'),(519,1,9,'user9@gjlls.com','CAR-0009',3,'2018-01-30 16:55:30','2018-01-31 02:55:30','\0','','\0','\0'),(520,1,9,'user9@gjlls.com','CAR-0009',3,'2018-01-31 04:05:30','2018-01-31 09:05:30','\0','','\0','\0'),(521,1,8,'user8@ugugf.com','CAR-0008',3,'2018-01-31 05:35:30','2018-01-31 10:35:30','\0','','\0','\0'),(522,2,7,'user7@flgjr.com','CAR-0007',2,'2018-02-04 02:05:30','2018-02-04 05:05:30','\0','\0','',''),(523,1,9,'user9@gjlls.com','CAR-0009',1,'2018-01-31 12:45:30','2018-01-31 15:45:30','\0','','\0','\0'),(524,1,8,'user8@ugugf.com','CAR-0008',3,'2018-01-31 13:45:30','2018-01-31 15:45:30','\0','','\0','\0'),(525,2,10,'user10@lfnjj.com','CAR-0010',2,'2018-02-01 08:05:30','2018-02-01 11:05:30','\0','','\0','\0'),(526,1,8,'user8@ugugf.com','CAR-0008',2,'2018-01-31 15:55:30','2018-01-31 21:55:30','\0','','\0','\0'),(527,2,2,'user2@ugjga.com','CAR-0002',1,'2018-02-04 03:05:30','2018-02-04 08:05:30','\0','','\0','\0'),(528,1,6,'user6@nfura.com','CAR-0006',1,'2018-01-31 22:35:30','2018-02-01 00:35:30','\0','','\0','\0'),(529,1,6,'user6@nfura.com','CAR-0006',1,'2018-02-01 01:35:30','2018-02-01 07:35:30','\0','','\0','\0'),(530,2,9,'user9@gjlls.com','CAR-0009',2,'2018-02-01 06:35:30','2018-02-01 16:35:30','\0','','\0','\0'),(531,2,8,'user8@ugugf.com','CAR-0008',1,'2018-02-02 01:05:30','2018-02-02 10:05:30','\0','','\0','\0'),(532,1,6,'user6@nfura.com','CAR-0006',1,'2018-02-01 11:55:30','2018-02-01 17:55:30','\0','','\0','\0'),(533,2,10,'user10@lfnjj.com','CAR-0010',1,'2018-02-03 05:35:30','2018-02-03 13:35:30','\0','','\0','\0'),(534,1,6,'user6@nfura.com','CAR-0006',1,'2018-02-01 20:55:30','2018-02-02 00:55:30','\0','','\0','\0'),(535,1,9,'user9@gjlls.com','CAR-0009',1,'2018-02-01 22:15:30','2018-02-02 07:15:30','\0','','\0','\0'),(536,2,6,'user6@nfura.com','CAR-0006',1,'2018-02-06 05:55:30','2018-02-06 13:55:30','\0','','\0','\0'),(537,2,4,'user4@jfgra.com','CAR-0004',1,'2018-02-02 09:35:30','2018-02-02 13:35:30','\0','\0','',''),(538,1,1,'user1@sjfrn.com','CAR-0001',1,'2018-02-02 05:35:30','2018-02-02 08:35:30','\0','','\0','\0'),(539,2,8,'user8@ugugf.com','CAR-0008',2,'2018-02-06 00:45:30','2018-02-06 04:45:30','\0','','\0','\0'),(540,1,3,'user3@uuusr.com','CAR-0003',1,'2018-02-02 08:55:30','2018-02-02 16:55:30','\0','','\0','\0'),(541,2,9,'user9@gjlls.com','CAR-0009',3,'2018-02-02 16:05:30','2018-02-03 01:05:30','\0','','\0','\0'),(542,2,4,'user4@jfgra.com','CAR-0004',1,'2018-02-04 12:25:30','2018-02-04 15:25:30','\0','\0','',''),(543,1,1,'user1@sjfrn.com','CAR-0001',2,'2018-02-02 15:05:30','2018-02-02 16:05:30','\0','','\0','\0'),(544,2,3,'user3@uuusr.com','CAR-0003',1,'2018-02-06 18:35:30','2018-02-06 23:35:30','\0','\0','',''),(545,1,1,'user1@sjfrn.com','CAR-0001',2,'2018-02-02 18:55:30','2018-02-02 21:55:30','\0','','\0','\0'),(546,2,1,'user1@sjfrn.com','CAR-0001',1,'2018-02-06 22:35:30','2018-02-07 05:35:30','\0','','\0','\0'),(547,1,9,'user9@gjlls.com','CAR-0009',1,'2018-02-03 09:05:30','2018-02-03 16:05:30','\0','','\0','\0'),(548,2,5,'user5@lsgul.com','CAR-0005',1,'2018-02-07 16:55:30','2018-02-08 01:55:30','\0','\0','\0','\0'),(549,2,9,'user9@gjlls.com','CAR-0009',3,'2018-02-07 04:25:30','2018-02-07 12:25:30','','\0','\0','\0'),(550,2,10,'user10@lfnjj.com','CAR-0010',2,'2018-02-07 01:15:30','2018-02-07 05:15:30','\0','','\0','\0'),(551,2,2,'user2@ugjga.com','CAR-0002',1,'2018-02-08 13:55:30','2018-02-08 17:55:30','\0','\0','\0','\0'),(552,1,7,'user7@flgjr.com','CAR-0007',2,'2018-02-05 06:15:30','2018-02-05 14:15:30','\0','','\0','\0'),(553,1,4,'user4@jfgra.com','CAR-0004',3,'2018-02-05 11:25:30','2018-02-05 16:25:30','\0','','\0','\0'),(554,2,7,'user7@flgjr.com','CAR-0007',2,'2018-02-05 21:05:30','2018-02-06 02:05:30','\0','','\0','\0'),(555,2,8,'user8@ugugf.com','CAR-0008',2,'2018-02-09 13:45:30','2018-02-09 14:45:30','\0','\0','\0','\0'),(556,1,7,'user7@flgjr.com','CAR-0007',2,'2018-02-06 07:35:30','2018-02-06 09:35:30','\0','','\0','\0'),(557,2,4,'user4@jfgra.com','CAR-0004',1,'2018-02-07 13:35:30','2018-02-07 19:35:30','\0','\0','\0','\0'),(558,2,7,'user7@flgjr.com','CAR-0007',1,'2018-02-09 11:45:30','2018-02-09 20:45:30','\0','\0','\0','\0'),(559,2,6,'user6@nfura.com','CAR-0006',1,'2018-02-06 21:25:30','2018-02-07 03:25:30','\0','','\0','\0'),(560,1,10,'user10@lfnjj.com','CAR-0010',2,'2018-02-07 06:05:30','2018-02-07 13:05:30','','\0','\0','\0');
/*!40000 ALTER TABLE `onetime_service` ENABLE KEYS */;
UNLOCK TABLES;

--
-- Table structure for table `parking_cell`
--

DROP TABLE IF EXISTS `parking_cell`;
/*!40101 SET @saved_cs_client     = @@character_set_client */;
/*!40101 SET character_set_client = utf8 */;
CREATE TABLE `parking_cell` (
  `lot_id` int(10) NOT NULL,
  `i` int(10) NOT NULL,
  `j` int(10) NOT NULL,
  `k` int(10) NOT NULL,
  `car_id` varchar(16) COLLATE utf8mb4_unicode_ci DEFAULT NULL,
  `planned_end_time` datetime DEFAULT NULL,
  `reserved` bit(1) DEFAULT b'0',
  `disabled` bit(1) DEFAULT b'0',
  PRIMARY KEY (`lot_id`,`i`,`j`,`k`)
) ENGINE=MEMORY DEFAULT CHARSET=utf8mb4 COLLATE=utf8mb4_unicode_ci;
/*!40101 SET character_set_client = @saved_cs_client */;

--
-- Dumping data for table `parking_cell`
--

LOCK TABLES `parking_cell` WRITE;
/*!40000 ALTER TABLE `parking_cell` DISABLE KEYS */;
INSERT INTO `parking_cell` VALUES (1,0,0,0,NULL,NULL,'\0','\0'),(1,0,0,1,NULL,NULL,'\0','\0'),(1,0,0,2,NULL,NULL,'\0','\0'),(1,0,1,0,NULL,NULL,'\0',''),(1,0,1,1,NULL,NULL,'\0','\0'),(1,0,1,2,NULL,NULL,'\0','\0'),(1,0,2,0,NULL,NULL,'\0','\0'),(1,0,2,1,NULL,NULL,'\0','\0'),(1,0,2,2,NULL,NULL,'\0','\0'),(1,1,0,0,NULL,NULL,'\0','\0'),(1,1,0,1,NULL,NULL,'\0','\0'),(1,1,0,2,NULL,NULL,'\0','\0'),(1,1,1,0,NULL,NULL,'\0','\0'),(1,1,1,1,NULL,NULL,'\0','\0'),(1,1,1,2,NULL,NULL,'\0','\0'),(1,1,2,0,NULL,NULL,'\0','\0'),(1,1,2,1,NULL,NULL,'\0','\0'),(1,1,2,2,NULL,NULL,'\0','\0'),(1,2,0,0,NULL,NULL,'\0','\0'),(1,2,0,1,NULL,NULL,'\0','\0'),(1,2,0,2,NULL,NULL,'\0','\0'),(1,2,1,0,NULL,NULL,'\0','\0'),(1,2,1,1,NULL,NULL,'\0','\0'),(1,2,1,2,NULL,NULL,'\0','\0'),(1,2,2,0,NULL,NULL,'\0','\0'),(1,2,2,1,NULL,NULL,'\0','\0'),(1,2,2,2,NULL,NULL,'\0','\0'),(1,3,0,0,NULL,NULL,'\0','\0'),(1,3,0,1,NULL,NULL,'\0','\0'),(1,3,0,2,NULL,NULL,'\0','\0'),(1,3,1,0,NULL,NULL,'\0','\0'),(1,3,1,1,NULL,NULL,'\0','\0'),(1,3,1,2,NULL,NULL,'\0','\0'),(1,3,2,0,NULL,NULL,'\0','\0'),(1,3,2,1,NULL,NULL,'\0','\0'),(1,3,2,2,NULL,NULL,'\0','\0'),(2,0,0,0,NULL,NULL,'\0','\0'),(2,0,0,1,NULL,NULL,'\0','\0'),(2,0,0,2,NULL,NULL,'\0','\0'),(2,0,1,0,NULL,NULL,'\0','\0'),(2,0,1,1,NULL,NULL,'\0','\0'),(2,0,1,2,NULL,NULL,'\0','\0'),(2,0,2,0,NULL,NULL,'\0','\0'),(2,0,2,1,NULL,NULL,'\0','\0'),(2,0,2,2,NULL,NULL,'\0','\0'),(2,1,0,0,NULL,NULL,'\0','\0'),(2,1,0,1,NULL,NULL,'\0','\0'),(2,1,0,2,NULL,NULL,'\0','\0'),(2,1,1,0,NULL,NULL,'\0','\0'),(2,1,1,1,NULL,NULL,'\0','\0'),(2,1,1,2,NULL,NULL,'\0','\0'),(2,1,2,0,NULL,NULL,'\0','\0'),(2,1,2,1,NULL,NULL,'\0','\0'),(2,1,2,2,NULL,NULL,'\0','\0'),(2,2,0,0,NULL,NULL,'\0','\0'),(2,2,0,1,NULL,NULL,'\0','\0'),(2,2,0,2,NULL,NULL,'\0','\0'),(2,2,1,0,NULL,NULL,'\0','\0'),(2,2,1,1,NULL,NULL,'\0',''),(2,2,1,2,NULL,NULL,'\0','\0'),(2,2,2,0,NULL,NULL,'\0','\0'),(2,2,2,1,NULL,NULL,'\0','\0'),(2,2,2,2,NULL,NULL,'\0','\0'),(2,3,0,0,NULL,NULL,'\0','\0'),(2,3,0,1,NULL,NULL,'\0','\0'),(2,3,0,2,NULL,NULL,'\0','\0'),(2,3,1,0,NULL,NULL,'\0','\0'),(2,3,1,1,NULL,NULL,'\0','\0'),(2,3,1,2,NULL,NULL,'\0','\0'),(2,3,2,0,NULL,NULL,'\0','\0'),(2,3,2,1,NULL,NULL,'\0','\0'),(2,3,2,2,'CAR-0010','2018-02-07 13:05:30','\0','\0'),(3,0,0,0,NULL,NULL,'\0','\0'),(3,0,0,1,NULL,NULL,'\0','\0'),(3,0,0,2,NULL,NULL,'\0','\0'),(3,0,1,0,NULL,NULL,'\0','\0'),(3,0,1,1,NULL,NULL,'\0','\0'),(3,0,1,2,NULL,NULL,'\0','\0'),(3,0,2,0,NULL,NULL,'\0','\0'),(3,0,2,1,NULL,NULL,'\0','\0'),(3,0,2,2,NULL,NULL,'\0','\0'),(3,1,0,0,NULL,NULL,'\0',''),(3,1,0,1,NULL,NULL,'\0','\0'),(3,1,0,2,NULL,NULL,'\0','\0'),(3,1,1,0,NULL,NULL,'\0','\0'),(3,1,1,1,NULL,NULL,'\0','\0'),(3,1,1,2,NULL,NULL,'\0','\0'),(3,1,2,0,NULL,NULL,'\0','\0'),(3,1,2,1,NULL,NULL,'\0','\0'),(3,1,2,2,NULL,NULL,'\0','\0'),(3,2,0,0,NULL,NULL,'\0','\0'),(3,2,0,1,NULL,NULL,'\0','\0'),(3,2,0,2,NULL,NULL,'\0','\0'),(3,2,1,0,NULL,NULL,'\0','\0'),(3,2,1,1,NULL,NULL,'\0','\0'),(3,2,1,2,NULL,NULL,'\0','\0'),(3,2,2,0,NULL,NULL,'\0','\0'),(3,2,2,1,NULL,NULL,'\0','\0'),(3,2,2,2,NULL,NULL,'\0','\0'),(3,3,0,0,NULL,NULL,'\0','\0'),(3,3,0,1,NULL,NULL,'\0','\0'),(3,3,0,2,NULL,NULL,'\0','\0'),(3,3,1,0,NULL,NULL,'\0','\0'),(3,3,1,1,NULL,NULL,'\0','\0'),(3,3,1,2,NULL,NULL,'\0','\0'),(3,3,2,0,NULL,NULL,'\0','\0'),(3,3,2,1,NULL,NULL,'\0','\0'),(3,3,2,2,NULL,NULL,'\0','\0'),(3,4,0,0,NULL,NULL,'\0','\0'),(3,4,0,1,NULL,NULL,'\0','\0'),(3,4,0,2,NULL,NULL,'\0','\0'),(3,4,1,0,NULL,NULL,'\0','\0'),(3,4,1,1,NULL,NULL,'\0','\0'),(3,4,1,2,NULL,NULL,'\0','\0'),(3,4,2,0,NULL,NULL,'\0','\0'),(3,4,2,1,NULL,NULL,'\0','\0'),(3,4,2,2,NULL,NULL,'\0','\0'),(3,5,0,0,NULL,NULL,'\0','\0'),(3,5,0,1,NULL,NULL,'\0','\0'),(3,5,0,2,NULL,NULL,'\0','\0'),(3,5,1,0,NULL,NULL,'\0','\0'),(3,5,1,1,NULL,NULL,'\0','\0'),(3,5,1,2,NULL,NULL,'\0','\0'),(3,5,2,0,NULL,NULL,'\0','\0'),(3,5,2,1,NULL,NULL,'\0',''),(3,5,2,2,NULL,NULL,'\0','\0'),(3,6,0,0,NULL,NULL,'\0','\0'),(3,6,0,1,NULL,NULL,'\0','\0'),(3,6,0,2,NULL,NULL,'\0','\0'),(3,6,1,0,NULL,NULL,'\0','\0'),(3,6,1,1,NULL,NULL,'\0','\0'),(3,6,1,2,NULL,NULL,'\0','\0'),(3,6,2,0,NULL,NULL,'\0','\0'),(3,6,2,1,NULL,NULL,'\0','\0'),(3,6,2,2,NULL,NULL,'\0','\0'),(3,7,0,0,NULL,NULL,'\0','\0'),(3,7,0,1,NULL,NULL,'\0','\0'),(3,7,0,2,NULL,NULL,'\0','\0'),(3,7,1,0,NULL,NULL,'\0','\0'),(3,7,1,1,NULL,NULL,'\0','\0'),(3,7,1,2,NULL,NULL,'\0','\0'),(3,7,2,0,NULL,NULL,'\0','\0'),(3,7,2,1,NULL,NULL,'\0','\0'),(3,7,2,2,'CAR-0009','2018-02-07 12:25:30','\0','\0');
/*!40000 ALTER TABLE `parking_cell` ENABLE KEYS */;
UNLOCK TABLES;

--
-- Table structure for table `parking_lot`
--

DROP TABLE IF EXISTS `parking_lot`;
/*!40101 SET @saved_cs_client     = @@character_set_client */;
/*!40101 SET character_set_client = utf8 */;
CREATE TABLE `parking_lot` (
  `id` int(10) NOT NULL AUTO_INCREMENT,
  `street_address` varchar(255) COLLATE utf8mb4_unicode_ci NOT NULL,
  `size` int(10) NOT NULL,
  `price1` float NOT NULL DEFAULT '0',
  `price2` float NOT NULL DEFAULT '0',
  `alternative_lots` varchar(255) COLLATE utf8mb4_unicode_ci DEFAULT NULL,
  `robot_ip` varchar(48) COLLATE utf8mb4_unicode_ci DEFAULT NULL,
  `lot_full` bit(1) DEFAULT b'0',
  PRIMARY KEY (`id`)
) ENGINE=MEMORY AUTO_INCREMENT=4 DEFAULT CHARSET=utf8mb4 COLLATE=utf8mb4_unicode_ci;
/*!40101 SET character_set_client = @saved_cs_client */;

--
-- Dumping data for table `parking_lot`
--

LOCK TABLES `parking_lot` WRITE;
/*!40000 ALTER TABLE `parking_lot` DISABLE KEYS */;
INSERT INTO `parking_lot` VALUES (1,'Sesame, 1',4,5,4,NULL,'1.0.0.1','\0'),(2,'Monaco, 2',4,50,40,NULL,'1.0.0.2','\0'),(3,'Dubai, 3',8,1000,500,NULL,'1.0.0.3','\0');
/*!40000 ALTER TABLE `parking_lot` ENABLE KEYS */;
UNLOCK TABLES;

--
-- Table structure for table `quarterly_report`
--

DROP TABLE IF EXISTS `quarterly_report`;
/*!40101 SET @saved_cs_client     = @@character_set_client */;
/*!40101 SET character_set_client = utf8 */;
CREATE TABLE `quarterly_report` (
  `year` int(11) NOT NULL,
  `quarter` int(11) NOT NULL,
  `lot_id` int(11) NOT NULL,
  `ordered_onetimes` int(11) DEFAULT '0',
  `ordered_incidental` int(11) DEFAULT '0',
  `ordered_regular` int(11) DEFAULT '0',
  `ordered_full` int(11) DEFAULT '0',
  `complaints_count` int(11) DEFAULT '0',
  `disabled_slots` int(11) DEFAULT '0',
  PRIMARY KEY (`year`,`quarter`,`lot_id`)
) ENGINE=MEMORY DEFAULT CHARSET=utf8;
/*!40101 SET character_set_client = @saved_cs_client */;

--
-- Dumping data for table `quarterly_report`
--

LOCK TABLES `quarterly_report` WRITE;
/*!40000 ALTER TABLE `quarterly_report` DISABLE KEYS */;
/*!40000 ALTER TABLE `quarterly_report` ENABLE KEYS */;
UNLOCK TABLES;

--
-- Table structure for table `subscription_service`
--

DROP TABLE IF EXISTS `subscription_service`;
/*!40101 SET @saved_cs_client     = @@character_set_client */;
/*!40101 SET character_set_client = utf8 */;
CREATE TABLE `subscription_service` (
  `id` int(10) NOT NULL AUTO_INCREMENT,
  `subs_type` int(10) NOT NULL,
  `customer_id` int(10) NOT NULL,
  `email` varchar(255) COLLATE utf8mb4_unicode_ci NOT NULL,
  `car_id` varchar(16) COLLATE utf8mb4_unicode_ci NOT NULL,
  `lot_id` int(10) DEFAULT '0',
  `start_date` date NOT NULL,
  `end_date` date NOT NULL,
  `daily_exit_time` time DEFAULT NULL,
  `parked` bit(1) NOT NULL DEFAULT b'0',
  `completed` bit(1) NOT NULL DEFAULT b'0',
  `canceled` bit(1) NOT NULL DEFAULT b'0',
  `warned` bit(1) NOT NULL DEFAULT b'0',
  PRIMARY KEY (`id`)
) ENGINE=MEMORY AUTO_INCREMENT=59 DEFAULT CHARSET=utf8mb4 COLLATE=utf8mb4_unicode_ci;
/*!40101 SET character_set_client = @saved_cs_client */;

--
-- Dumping data for table `subscription_service`
--

LOCK TABLES `subscription_service` WRITE;
/*!40000 ALTER TABLE `subscription_service` DISABLE KEYS */;
INSERT INTO `subscription_service` VALUES (1,2,1,'user1@sjfrn.com','CAR-0001',2,'2017-11-12','2017-12-09','00:00:00','\0','\0','\0','\0'),(2,1,3,'user3@uuusr.com','CAR-0003',3,'2017-11-10','2017-12-07','18:09:00','\0','\0','\0','\0'),(3,1,9,'user9@gjlls.com','CAR-0009',1,'2017-11-10','2017-12-07','18:43:00','\0','\0','\0','\0'),(4,2,10,'user10@lfnjj.com','CAR-0010',2,'2017-11-09','2017-12-06','00:00:00','\0','\0','\0','\0'),(5,1,3,'user3@uuusr.com','CAR-0003',2,'2017-11-13','2017-12-10','20:16:00','\0','\0','\0','\0'),(6,2,9,'user9@gjlls.com','CAR-0009',2,'2017-11-10','2017-12-07','00:00:00','\0','\0','\0','\0'),(7,1,3,'user3@uuusr.com','CAR-0003',1,'2017-11-10','2017-12-07','21:09:00','\0','\0','\0','\0'),(8,2,2,'user2@ugjga.com','CAR-0002',1,'2017-11-13','2017-12-10','00:00:00','\0','\0','\0','\0'),(9,2,8,'user8@ugugf.com','CAR-0008',3,'2017-11-15','2017-12-12','00:00:00','\0','\0','\0','\0'),(10,2,3,'user3@uuusr.com','CAR-0003',2,'2017-11-18','2017-12-15','00:00:00','\0','\0','\0','\0'),(11,2,4,'user4@jfgra.com','CAR-0004',2,'2017-11-19','2017-12-16','00:00:00','\0','\0','\0','\0'),(12,1,6,'user6@nfura.com','CAR-0006',3,'2017-11-18','2017-12-15','14:18:00','\0','\0','\0','\0'),(13,1,6,'user6@nfura.com','CAR-0006',2,'2017-11-17','2017-12-14','12:55:00','\0','\0','\0','\0'),(14,1,6,'user6@nfura.com','CAR-0006',1,'2017-11-17','2017-12-14','23:50:00','\0','\0','\0','\0'),(15,1,5,'user5@lsgul.com','CAR-0005',2,'2017-11-15','2017-12-12','22:19:00','\0','\0','\0','\0'),(16,1,7,'user7@flgjr.com','CAR-0007',1,'2017-11-19','2017-12-16','21:54:00','\0','\0','\0','\0'),(17,1,5,'user5@lsgul.com','CAR-0005',1,'2017-11-19','2017-12-16','13:44:00','\0','\0','\0','\0'),(18,2,7,'user7@flgjr.com','CAR-0007',1,'2017-11-21','2017-12-18','00:00:00','\0','\0','\0','\0'),(19,1,5,'user5@lsgul.com','CAR-0005',3,'2017-11-17','2017-12-14','18:30:00','\0','\0','\0','\0'),(20,2,5,'user5@lsgul.com','CAR-0005',2,'2017-11-25','2017-12-22','00:00:00','\0','\0','\0','\0'),(21,2,6,'user6@nfura.com','CAR-0006',3,'2017-11-24','2017-12-21','00:00:00','\0','\0','\0','\0'),(22,1,10,'user10@lfnjj.com','CAR-0010',3,'2017-12-09','2018-01-05','15:41:00','\0','\0','\0','\0'),(23,2,10,'user10@lfnjj.com','CAR-0010',3,'2017-12-09','2018-01-05','00:00:00','\0','\0','\0','\0'),(24,1,9,'user9@gjlls.com','CAR-0009',3,'2017-12-12','2018-01-08','11:35:00','\0','\0','\0','\0'),(25,1,2,'user2@ugjga.com','CAR-0002',1,'2017-12-12','2018-01-08','22:35:00','\0','\0','\0','\0'),(26,2,9,'user9@gjlls.com','CAR-0009',3,'2017-12-15','2018-01-11','00:00:00','\0','\0','\0','\0'),(27,1,1,'user1@sjfrn.com','CAR-0001',3,'2017-12-12','2018-01-08','17:10:00','\0','\0','\0','\0'),(28,2,8,'user8@ugugf.com','CAR-0008',1,'2017-12-14','2018-01-10','00:00:00','\0','\0','\0','\0'),(29,1,3,'user3@uuusr.com','CAR-0003',1,'2017-12-17','2018-01-13','09:42:00','\0','\0','\0','\0'),(30,2,2,'user2@ugjga.com','CAR-0002',1,'2017-12-18','2018-01-14','00:00:00','\0','\0','\0','\0'),(31,2,3,'user3@uuusr.com','CAR-0003',1,'2017-12-17','2018-01-13','00:00:00','\0','\0','\0','\0'),(32,1,7,'user7@flgjr.com','CAR-0007',3,'2017-12-20','2018-01-16','20:51:00','\0','\0','\0','\0'),(33,2,4,'user4@jfgra.com','CAR-0004',1,'2017-12-23','2018-01-19','00:00:00','\0','\0','\0','\0'),(34,1,7,'user7@flgjr.com','CAR-0007',2,'2017-12-23','2018-01-19','22:35:00','\0','\0','\0','\0'),(35,2,1,'user1@sjfrn.com','CAR-0001',1,'2017-12-24','2018-01-20','00:00:00','\0','\0','\0','\0'),(36,2,5,'user5@lsgul.com','CAR-0005',1,'2017-12-28','2018-01-24','00:00:00','\0','\0','\0','\0'),(37,2,6,'user6@nfura.com','CAR-0006',1,'2017-12-29','2018-01-25','00:00:00','\0','\0','\0','\0'),(38,2,7,'user7@flgjr.com','CAR-0007',1,'2017-12-28','2018-01-24','00:00:00','\0','\0','\0','\0'),(39,2,10,'user10@lfnjj.com','CAR-0010',1,'2018-01-06','2018-02-02','00:00:00','\0','\0','\0','\0'),(40,2,3,'user3@uuusr.com','CAR-0003',2,'2018-01-15','2018-02-11','00:00:00','\0','\0','\0','\0'),(41,1,2,'user2@ugjga.com','CAR-0002',2,'2018-01-17','2018-02-13','09:19:00','\0','\0','\0','\0'),(42,1,8,'user8@ugugf.com','CAR-0008',2,'2018-01-16','2018-02-12','17:34:00','\0','\0','\0','\0'),(43,2,8,'user8@ugugf.com','CAR-0008',3,'2018-01-20','2018-02-16','00:00:00','\0','\0','\0','\0'),(44,2,2,'user2@ugjga.com','CAR-0002',2,'2018-01-20','2018-02-16','00:00:00','\0','\0','\0','\0'),(45,2,4,'user4@jfgra.com','CAR-0004',2,'2018-01-20','2018-02-16','00:00:00','\0','\0','\0','\0'),(46,2,9,'user9@gjlls.com','CAR-0009',2,'2018-01-20','2018-02-16','00:00:00','\0','\0','\0','\0'),(47,1,1,'user1@sjfrn.com','CAR-0001',2,'2018-01-23','2018-02-19','14:56:00','\0','\0','\0','\0'),(48,2,1,'user1@sjfrn.com','CAR-0001',3,'2018-01-22','2018-02-18','00:00:00','\0','\0','\0','\0'),(49,1,7,'user7@flgjr.com','CAR-0007',1,'2018-01-25','2018-02-21','23:43:00','\0','\0','\0','\0'),(50,1,5,'user5@lsgul.com','CAR-0005',3,'2018-01-27','2018-02-23','13:56:00','\0','\0','\0','\0'),(51,2,6,'user6@nfura.com','CAR-0006',1,'2018-01-28','2018-02-24','00:00:00','\0','\0','\0','\0'),(52,2,7,'user7@flgjr.com','CAR-0007',1,'2018-01-28','2018-02-24','00:00:00','\0','\0','\0','\0'),(53,2,5,'user5@lsgul.com','CAR-0005',2,'2018-01-26','2018-02-22','00:00:00','\0','\0','\0','\0'),(54,1,10,'user10@lfnjj.com','CAR-0010',2,'2018-02-05','2018-03-04','23:43:00','\0','\0','\0','\0'),(55,1,10,'user10@lfnjj.com','CAR-0010',1,'2018-02-05','2018-03-04','18:08:00','\0','\0','\0','\0'),(56,1,10,'user10@lfnjj.com','CAR-0010',3,'2018-02-06','2018-03-05','11:27:00','\0','\0','\0','\0'),(57,2,10,'user10@lfnjj.com','CAR-0010',2,'2018-02-11','2018-03-10','00:00:00','\0','\0','\0','\0'),(58,2,3,'user3@uuusr.com','CAR-0003',3,'2018-02-13','2018-03-12','00:00:00','\0','\0','\0','\0');
/*!40000 ALTER TABLE `subscription_service` ENABLE KEYS */;
UNLOCK TABLES;

--
-- Table structure for table `weekly_statistics`
--

DROP TABLE IF EXISTS `weekly_statistics`;
/*!40101 SET @saved_cs_client     = @@character_set_client */;
/*!40101 SET character_set_client = utf8 */;
CREATE TABLE `weekly_statistics` (
  `start` date NOT NULL,
  `lot_id` int(10) NOT NULL,
  `realized_orders_mean` double NOT NULL DEFAULT '0',
  `canceled_orders_mean` double NOT NULL DEFAULT '0',
  `late_arrivals_mean` double NOT NULL DEFAULT '0',
  `realized_orders_median` double NOT NULL DEFAULT '0',
  `canceled_orders_median` double NOT NULL DEFAULT '0',
  `late_arrivals_median` double NOT NULL DEFAULT '0',
  `realized_orders_dist` varchar(300) NOT NULL,
  `canceled_orders_dist` varchar(300) NOT NULL,
  `late_arrivals_dist` varchar(300) NOT NULL,
  PRIMARY KEY (`start`,`lot_id`)
) ENGINE=MEMORY DEFAULT CHARSET=utf8;
/*!40101 SET character_set_client = @saved_cs_client */;

--
-- Dumping data for table `weekly_statistics`
--

LOCK TABLES `weekly_statistics` WRITE;
/*!40000 ALTER TABLE `weekly_statistics` DISABLE KEYS */;
INSERT INTO `weekly_statistics` VALUES ('2017-11-05',1,0.71428573,0,0,1,0,0,'0.000000,0.000000,0.200000,0.200000,0.200000,0.200000,0.200000','0.000000,0.000000,0.000000,0.000000,0.000000,0.000000,0.000000','0.000000,0.000000,0.000000,0.000000,0.000000,0.000000,0.000000'),('2017-11-05',2,0.5714286,0,0,1,0,0,'0.000000,0.000000,0.000000,0.250000,0.250000,0.250000,0.250000','0.000000,0.000000,0.000000,0.000000,0.000000,0.000000,0.000000','0.000000,0.000000,0.000000,0.000000,0.000000,0.000000,0.000000'),('2017-11-05',3,0.14285715,0,0,0,0,0,'0.000000,0.000000,0.000000,0.000000,0.000000,0.000000,1.000000','0.000000,0.000000,0.000000,0.000000,0.000000,0.000000,0.000000','0.000000,0.000000,0.000000,0.000000,0.000000,0.000000,0.000000'),('2017-11-12',1,0.85714287,0,0,1,0,0,'0.166667,0.166667,0.166667,0.166667,0.000000,0.166667,0.166667','0.000000,0.000000,0.000000,0.000000,0.000000,0.000000,0.000000','0.000000,0.000000,0.000000,0.000000,0.000000,0.000000,0.000000'),('2017-11-12',2,1,0,0,1,0,0,'0.142857,0.142857,0.142857,0.142857,0.142857,0.142857,0.142857','0.000000,0.000000,0.000000,0.000000,0.000000,0.000000,0.000000','0.000000,0.000000,0.000000,0.000000,0.000000,0.000000,0.000000'),('2017-11-12',3,0.85714287,0,0,1,0,0,'0.166667,0.166667,0.166667,0.166667,0.166667,0.166667,0.000000','0.000000,0.000000,0.000000,0.000000,0.000000,0.000000,0.000000','0.000000,0.000000,0.000000,0.000000,0.000000,0.000000,0.000000'),('2017-11-19',1,1,0,0,1,0,0,'0.142857,0.142857,0.142857,0.142857,0.142857,0.142857,0.142857','0.000000,0.000000,0.000000,0.000000,0.000000,0.000000,0.000000','0.000000,0.000000,0.000000,0.000000,0.000000,0.000000,0.000000'),('2017-11-19',2,0.85714287,0,0,1,0,0,'0.166667,0.166667,0.000000,0.166667,0.166667,0.166667,0.166667','0.000000,0.000000,0.000000,0.000000,0.000000,0.000000,0.000000','0.000000,0.000000,0.000000,0.000000,0.000000,0.000000,0.000000'),('2017-11-19',3,1,0,0,1,0,0,'0.142857,0.142857,0.142857,0.142857,0.142857,0.142857,0.142857','0.000000,0.000000,0.000000,0.000000,0.000000,0.000000,0.000000','0.000000,0.000000,0.000000,0.000000,0.000000,0.000000,0.000000'),('2017-11-26',1,0.85714287,0,0,1,0,0,'0.166667,0.166667,0.166667,0.000000,0.166667,0.166667,0.166667','0.000000,0.000000,0.000000,0.000000,0.000000,0.000000,0.000000','0.000000,0.000000,0.000000,0.000000,0.000000,0.000000,0.000000'),('2017-11-26',2,0.42857143,0,0,0,0,0,'0.000000,0.000000,0.333333,0.333333,0.000000,0.000000,0.333333','0.000000,0.000000,0.000000,0.000000,0.000000,0.000000,0.000000','0.000000,0.000000,0.000000,0.000000,0.000000,0.000000,0.000000'),('2017-11-26',3,0.42857143,0,0,0,0,0,'0.333333,0.333333,0.000000,0.000000,0.000000,0.000000,0.333333','0.000000,0.000000,0.000000,0.000000,0.000000,0.000000,0.000000','0.000000,0.000000,0.000000,0.000000,0.000000,0.000000,0.000000'),('2017-12-03',1,0.5714286,0,0,1,0,0,'0.000000,0.250000,0.250000,0.250000,0.000000,0.250000,0.000000','0.000000,0.000000,0.000000,0.000000,0.000000,0.000000,0.000000','0.000000,0.000000,0.000000,0.000000,0.000000,0.000000,0.000000'),('2017-12-03',2,0.71428573,0,0,1,0,0,'0.200000,0.000000,0.000000,0.200000,0.200000,0.200000,0.200000','0.000000,0.000000,0.000000,0.000000,0.000000,0.000000,0.000000','0.000000,0.000000,0.000000,0.000000,0.000000,0.000000,0.000000'),('2017-12-03',3,0.71428573,0,0,1,0,0,'0.000000,0.000000,0.200000,0.200000,0.200000,0.200000,0.200000','0.000000,0.000000,0.000000,0.000000,0.000000,0.000000,0.000000','0.000000,0.000000,0.000000,0.000000,0.000000,0.000000,0.000000'),('2017-12-10',1,1,0,0,1,0,0,'0.142857,0.142857,0.142857,0.142857,0.142857,0.142857,0.142857','0.000000,0.000000,0.000000,0.000000,0.000000,0.000000,0.000000','0.000000,0.000000,0.000000,0.000000,0.000000,0.000000,0.000000'),('2017-12-10',2,0.71428573,0,0,1,0,0,'0.200000,0.200000,0.200000,0.000000,0.200000,0.200000,0.000000','0.000000,0.000000,0.000000,0.000000,0.000000,0.000000,0.000000','0.000000,0.000000,0.000000,0.000000,0.000000,0.000000,0.000000'),('2017-12-10',3,0.85714287,0,0,1,0,0,'0.000000,0.166667,0.166667,0.166667,0.166667,0.166667,0.166667','0.000000,0.000000,0.000000,0.000000,0.000000,0.000000,0.000000','0.000000,0.000000,0.000000,0.000000,0.000000,0.000000,0.000000'),('2017-12-17',1,1,0,0,1,0,0,'0.142857,0.142857,0.142857,0.142857,0.142857,0.142857,0.142857','0.000000,0.000000,0.000000,0.000000,0.000000,0.000000,0.000000','0.000000,0.000000,0.000000,0.000000,0.000000,0.000000,0.000000'),('2017-12-17',2,0.85714287,0,0,1,0,0,'0.166667,0.166667,0.166667,0.000000,0.166667,0.166667,0.166667','0.000000,0.000000,0.000000,0.000000,0.000000,0.000000,0.000000','0.000000,0.000000,0.000000,0.000000,0.000000,0.000000,0.000000'),('2017-12-17',3,0.85714287,0,0,1,0,0,'0.166667,0.166667,0.166667,0.166667,0.000000,0.166667,0.166667','0.000000,0.000000,0.000000,0.000000,0.000000,0.000000,0.000000','0.000000,0.000000,0.000000,0.000000,0.000000,0.000000,0.000000'),('2017-12-24',1,0.71428573,0,0,1,0,0,'0.200000,0.200000,0.200000,0.200000,0.200000,0.000000,0.000000','0.000000,0.000000,0.000000,0.000000,0.000000,0.000000,0.000000','0.000000,0.000000,0.000000,0.000000,0.000000,0.000000,0.000000'),('2017-12-24',2,0.71428573,0,0,1,0,0,'0.200000,0.200000,0.200000,0.000000,0.200000,0.200000,0.000000','0.000000,0.000000,0.000000,0.000000,0.000000,0.000000,0.000000','0.000000,0.000000,0.000000,0.000000,0.000000,0.000000,0.000000'),('2017-12-24',3,1,0,0,1,0,0,'0.142857,0.142857,0.142857,0.142857,0.142857,0.142857,0.142857','0.000000,0.000000,0.000000,0.000000,0.000000,0.000000,0.000000','0.000000,0.000000,0.000000,0.000000,0.000000,0.000000,0.000000'),('2017-12-31',1,0.71428573,0,0,1,0,0,'0.200000,0.200000,0.200000,0.000000,0.000000,0.200000,0.200000','0.000000,0.000000,0.000000,0.000000,0.000000,0.000000,0.000000','0.000000,0.000000,0.000000,0.000000,0.000000,0.000000,0.000000'),('2017-12-31',2,0.71428573,0,0,1,0,0,'0.200000,0.200000,0.200000,0.000000,0.000000,0.200000,0.200000','0.000000,0.000000,0.000000,0.000000,0.000000,0.000000,0.000000','0.000000,0.000000,0.000000,0.000000,0.000000,0.000000,0.000000'),('2017-12-31',3,0.71428573,0,0,1,0,0,'0.200000,0.200000,0.000000,0.000000,0.200000,0.200000,0.200000','0.000000,0.000000,0.000000,0.000000,0.000000,0.000000,0.000000','0.000000,0.000000,0.000000,0.000000,0.000000,0.000000,0.000000'),('2018-01-07',1,0.71428573,0,0,1,0,0,'0.000000,0.200000,0.200000,0.200000,0.000000,0.200000,0.200000','0.000000,0.000000,0.000000,0.000000,0.000000,0.000000,0.000000','0.000000,0.000000,0.000000,0.000000,0.000000,0.000000,0.000000'),('2018-01-07',2,0.71428573,0,0,1,0,0,'0.000000,0.000000,0.200000,0.200000,0.200000,0.200000,0.200000','0.000000,0.000000,0.000000,0.000000,0.000000,0.000000,0.000000','0.000000,0.000000,0.000000,0.000000,0.000000,0.000000,0.000000'),('2018-01-07',3,0.5714286,0,0,1,0,0,'0.000000,0.000000,0.250000,0.250000,0.250000,0.000000,0.250000','0.000000,0.000000,0.000000,0.000000,0.000000,0.000000,0.000000','0.000000,0.000000,0.000000,0.000000,0.000000,0.000000,0.000000'),('2018-01-14',1,0.85714287,0,0,1,0,0,'0.166667,0.166667,0.166667,0.166667,0.166667,0.000000,0.166667','0.000000,0.000000,0.000000,0.000000,0.000000,0.000000,0.000000','0.000000,0.000000,0.000000,0.000000,0.000000,0.000000,0.000000'),('2018-01-14',2,0.5714286,0,0,1,0,0,'0.000000,0.250000,0.000000,0.250000,0.250000,0.000000,0.250000','0.000000,0.000000,0.000000,0.000000,0.000000,0.000000,0.000000','0.000000,0.000000,0.000000,0.000000,0.000000,0.000000,0.000000'),('2018-01-14',3,0.85714287,0,0,1,0,0,'0.166667,0.166667,0.166667,0.000000,0.166667,0.166667,0.166667','0.000000,0.000000,0.000000,0.000000,0.000000,0.000000,0.000000','0.000000,0.000000,0.000000,0.000000,0.000000,0.000000,0.000000'),('2018-01-21',1,0.71428573,0,0,1,0,0,'0.200000,0.200000,0.200000,0.000000,0.000000,0.200000,0.200000','0.000000,0.000000,0.000000,0.000000,0.000000,0.000000,0.000000','0.000000,0.000000,0.000000,0.000000,0.000000,0.000000,0.000000'),('2018-01-21',2,0.5714286,0,0,1,0,0,'0.000000,0.000000,0.250000,0.000000,0.250000,0.250000,0.250000','0.000000,0.000000,0.000000,0.000000,0.000000,0.000000,0.000000','0.000000,0.000000,0.000000,0.000000,0.000000,0.000000,0.000000'),('2018-01-21',3,0.85714287,0,0,1,0,0,'0.166667,0.166667,0.166667,0.000000,0.166667,0.166667,0.166667','0.000000,0.000000,0.000000,0.000000,0.000000,0.000000,0.000000','0.000000,0.000000,0.000000,0.000000,0.000000,0.000000,0.000000'),('2018-01-28',1,1,0,0,1,0,0,'0.142857,0.142857,0.142857,0.142857,0.142857,0.142857,0.142857','0.000000,0.000000,0.000000,0.000000,0.000000,0.000000,0.000000','0.000000,0.000000,0.000000,0.000000,0.000000,0.000000,0.000000'),('2018-01-28',2,0.85714287,0,0,1,0,0,'0.166667,0.166667,0.000000,0.166667,0.166667,0.166667,0.166667','0.000000,0.000000,0.000000,0.000000,0.000000,0.000000,0.000000','0.000000,0.000000,0.000000,0.000000,0.000000,0.000000,0.000000'),('2018-01-28',3,0.71428573,0,0,1,0,0,'0.200000,0.200000,0.200000,0.200000,0.000000,0.200000,0.000000','0.000000,0.000000,0.000000,0.000000,0.000000,0.000000,0.000000','0.000000,0.000000,0.000000,0.000000,0.000000,0.000000,0.000000');
/*!40000 ALTER TABLE `weekly_statistics` ENABLE KEYS */;
UNLOCK TABLES;
/*!40103 SET TIME_ZONE=@OLD_TIME_ZONE */;

/*!40101 SET SQL_MODE=@OLD_SQL_MODE */;
/*!40014 SET FOREIGN_KEY_CHECKS=@OLD_FOREIGN_KEY_CHECKS */;
/*!40014 SET UNIQUE_CHECKS=@OLD_UNIQUE_CHECKS */;
/*!40101 SET CHARACTER_SET_CLIENT=@OLD_CHARACTER_SET_CLIENT */;
/*!40101 SET CHARACTER_SET_RESULTS=@OLD_CHARACTER_SET_RESULTS */;
/*!40101 SET COLLATION_CONNECTION=@OLD_COLLATION_CONNECTION */;
/*!40111 SET SQL_NOTES=@OLD_SQL_NOTES */;

-- Dump completed on 2018-02-07  6:47:10
